OIL001	柠檬	Lemon	Citrus limon	Citrus	明亮柑橘	果皮	冷压	明亮、清爽、干净、元系列	甜橙、薰衣草、乳香、雪松	常见果皮类品种要留意光毒性，外用后尽量避免日晒。；光毒性	适合作为 Citrus 类入门卡；建议后续补充 GC/MS、安全证据与品牌层来源。｜元系列SKU Y-S-066｜¥98/5ml｜产地意大利
OIL002	甜橙	Sweet Orange	Citrus sinensis	Citrus	甜美柑橘	果皮	冷压	甜美、明亮、亲和、元系列	柠檬、肉桂叶、乳香、薰衣草、雪松	常见果皮类品种要留意光毒性，外用后尽量避免日晒。	适合作为 Citrus 类入门卡；建议后续补充 GC/MS、安全证据与品牌层来源。｜元系列SKU Y-S-064｜¥158/5ml｜产地意大利｜元系列SKU Y-S-065｜¥158/5ml｜产地墨西哥
OIL003	佛手柑	Bergamot	Citrus bergamia	Citrus	优雅柑橘	果皮	冷压	优雅、清新、柔和、元系列	薰衣草、雪松、甜橙、乳香	常见果皮类品种要留意光毒性，外用后尽量避免日晒。；光毒性	适合作为 Citrus 类入门卡；建议后续补充 GC/MS、安全证据与品牌层来源。｜元系列SKU Y-S-067｜¥158/5ml｜产地意大利
OIL004	葡萄柚	Grapefruit	Citrus × paradisi	Citrus	轻快柑橘	果皮	冷压	轻快、清爽、通透、元系列	薄荷、甜橙、乳香、薰衣草、雪松	常见果皮类品种要留意光毒性，外用后尽量避免日晒。；光毒性	适合作为 Citrus 类入门卡；建议后续补充 GC/MS、安全证据与品牌层来源。｜元系列SKU Y-S-068｜¥138/5ml｜产地南非｜元系列SKU Y-B-005｜¥108/100ml｜产地美国
OIL005	青柠	Lime	Citrus aurantiifolia	Citrus	锐亮柑橘	果皮	冷压	锐亮、清脆、提神	薄荷、薰衣草、香茅、乳香、雪松	常见果皮类品种要留意光毒性，外用后尽量避免日晒。；光毒性	适合作为 Citrus 类入门卡；建议后续补充 GC/MS、安全证据与品牌层来源。
OIL006	柑橘	Mandarin	Citrus reticulata	Citrus	圆润柑橘	果皮	冷压	圆润、柔和、亲和、元系列	甜橙、罗马洋甘菊、乳香、薰衣草、雪松	常见果皮类品种要留意光毒性，外用后尽量避免日晒。	适合作为 Citrus 类入门卡；建议后续补充 GC/MS、安全证据与品牌层来源。｜元系列SKU Y-B-004｜¥138/10ml｜产地中国
OIL007	柚子	Yuzu	Citrus junos	Citrus	清透柑橘	果皮	冷压	清透、明快、高级	雪松、甜橙、薰衣草、乳香	常见果皮类品种要留意光毒性，外用后尽量避免日晒。；光毒性	适合作为 Citrus 类入门卡；建议后续补充 GC/MS、安全证据与品牌层来源。
OIL008	橙花	Neroli	Citrus aurantium	Citrus	清雅花柑	花朵	蒸汽蒸馏	清雅、柔和、明亮	佛手柑、乳香、檀香、薰衣草、雪松	常见果皮类品种要留意光毒性，外用后尽量避免日晒。	适合作为 Citrus 类入门卡；建议后续补充 GC/MS、安全证据与品牌层来源。
OIL009	苦橙叶	Petitgrain	Citrus aurantium	Citrus	绿意柑橘	叶/嫩枝	蒸汽蒸馏	绿意、清新、平衡	薰衣草、雪松、橙花、乳香	常见果皮类品种要留意光毒性，外用后尽量避免日晒。	适合作为 Citrus 类入门卡；建议后续补充 GC/MS、安全证据与品牌层来源。
OIL010	苦橙皮	Bitter Orange Peel	Citrus aurantium	Citrus	苦甜柑橘	果皮	冷压	苦甜、利落、有层次、元系列	薰衣草、乳香、甜橙、雪松	常见果皮类品种要留意光毒性，外用后尽量避免日晒。；光毒性	适合作为 Citrus 类入门卡；建议后续补充 GC/MS、安全证据与品牌层来源。｜元系列SKU Y-H-098｜¥148/10ml｜产地意大利｜元系列SKU Y-H-099｜¥158/10ml｜产地巴拉圭｜元系列SKU Y-S-063｜¥158/5ml｜产地巴拉圭
OIL011	真正薰衣草	True Lavender	Lavandula angustifolia	Floral	柔和花草	花穗	蒸汽蒸馏	柔和、安定、干净、元系列	甜橙、乳香、雪松、佛手柑、檀香	花香类往往更适合低剂量、慢慢闻，避免叠加过浓。	适合作为 Floral 类入门卡；建议后续补充 GC/MS、安全证据与品牌层来源。｜元系列SKU Y-M-047｜¥158/5ml｜产地法国普罗旺斯｜元系列SKU Y-M-054｜¥158/5ml｜产地法国
OIL012	穗花薰衣草	Spike Lavender	Lavandula latifolia	Floral	更清亮的薰衣草	花穗	蒸汽蒸馏	清亮、草本、呼吸感	乳香、茶树、真正薰衣草、佛手柑、檀香	花香类往往更适合低剂量、慢慢闻，避免叠加过浓。	适合作为 Floral 类入门卡；建议后续补充 GC/MS、安全证据与品牌层来源。
OIL013	醒目薰衣草	Lavandin	Lavandula × intermedia	Floral	干净花草	花穗	蒸汽蒸馏	干净、高扬、经典	真正薰衣草、雪松、甜橙、佛手柑、檀香、乳香	花香类往往更适合低剂量、慢慢闻，避免叠加过浓。	适合作为 Floral 类入门卡；建议后续补充 GC/MS、安全证据与品牌层来源。
OIL014	天竺葵	Geranium	Pelargonium graveolens	Floral	绿玫瑰感	叶/花	蒸汽蒸馏	绿意、圆润、平衡、元系列	玫瑰、薰衣草、佛手柑、檀香、乳香	花香类往往更适合低剂量、慢慢闻，避免叠加过浓。	适合作为 Floral 类入门卡；建议后续补充 GC/MS、安全证据与品牌层来源。｜元系列SKU Y-M-044｜¥188/5ml｜产地埃及｜元系列SKU Y-M-046｜¥188/5ml｜产地埃及｜元系列SKU Y-H-073｜¥158/10ml｜产地中国
OIL015	玫瑰	Rose Otto	Rosa damascena	Floral	奢华花香	花瓣	蒸汽蒸馏	奢华、细腻、包裹感	檀香、橙花、天竺葵、佛手柑、乳香	花香类往往更适合低剂量、慢慢闻，避免叠加过浓。	适合作为 Floral 类入门卡；建议后续补充 GC/MS、安全证据与品牌层来源。
OIL016	依兰依兰	Ylang Ylang	Cananga odorata	Floral	浓郁白花	花朵	蒸汽蒸馏	浓郁、甜润、异域、元系列	佛手柑、檀香、茉莉、乳香	花香类往往更适合低剂量、慢慢闻，避免叠加过浓。	适合作为 Floral 类入门卡；建议后续补充 GC/MS、安全证据与品牌层来源。｜元系列SKU Y-J-007｜¥158/5ml｜产地马达加斯加｜元系列SKU Y-J-015｜¥358/5ml｜产地马达加斯加｜元系列SKU Y-J-020｜¥218/5ml｜产地马达加斯加｜元系列SKU Y-J-023｜¥258/5ml｜产地马达加斯加｜元系列SKU Y-H-070｜¥238/10ml｜产地马达加斯加
OIL017	茉莉	Jasmine	Jasminum grandiflorum	Floral	夜间花香	花朵	溶剂/CO2	深邃、柔滑、迷人、元系列	橙花、檀香、玫瑰、佛手柑、乳香	花香类往往更适合低剂量、慢慢闻，避免叠加过浓。	适合作为 Floral 类入门卡；建议后续补充 GC/MS、安全证据与品牌层来源。｜元系列SKU Y-J-013｜¥858/5ml｜产地印度｜元系列SKU Y-H-071｜¥858/5ml｜产地印度
OIL018	罗马洋甘菊	Roman Chamomile	Chamaemelum nobile	Floral	苹果花草	花朵	蒸汽蒸馏	柔软、苹果感、安抚	薰衣草、橙花、乳香、佛手柑、檀香	花香类往往更适合低剂量、慢慢闻，避免叠加过浓。；菊科敏感	适合作为 Floral 类入门卡；建议后续补充 GC/MS、安全证据与品牌层来源。
OIL019	德国洋甘菊	German Chamomile	Matricaria chamomilla	Floral	草药洋甘菊	花朵	蒸汽蒸馏	草本、安抚、深色	罗马洋甘菊、薰衣草、乳香、佛手柑、檀香	花香类往往更适合低剂量、慢慢闻，避免叠加过浓。；菊科敏感	适合作为 Floral 类入门卡；建议后续补充 GC/MS、安全证据与品牌层来源。
OIL020	快乐鼠尾草	Clary Sage	Salvia sclarea	Herbaceous	草本微甜	花穗/叶	蒸汽蒸馏	草本、柔和、放松、元系列	薰衣草、天竺葵、佛手柑、柠檬、雪松	草本类里有些品种刺激性更强，外用务必先做低剂量测试。	适合作为 Herbaceous 类入门卡；建议后续补充 GC/MS、安全证据与品牌层来源。｜元系列SKU Y-M-041｜¥188/5ml｜产地东欧｜元系列SKU Y-M-045｜¥188/5ml｜产地南非
OIL021	胡椒薄荷	Peppermint	Mentha × piperita	Mint	清凉薄荷	叶	蒸汽蒸馏	清凉、醒脑、利落、元系列	柠檬、薰衣草、尤加利	薄荷类对婴幼儿和敏感人群要谨慎，避免过强刺激。；幼儿慎用	适合作为 Mint 类入门卡；建议后续补充 GC/MS、安全证据与品牌层来源。｜元系列SKU Y-J-004｜¥118/10ml｜产地阿尔巴尼亚
OIL022	留兰香	Spearmint	Mentha spicata	Mint	甜薄荷	叶	蒸汽蒸馏	甜润、清新、友好	柠檬、薰衣草、罗马洋甘菊、尤加利	薄荷类对婴幼儿和敏感人群要谨慎，避免过强刺激。	适合作为 Mint 类入门卡；建议后续补充 GC/MS、安全证据与品牌层来源。
OIL023	迷迭香	Rosemary	Salvia rosmarinus	Herbaceous	清透草本	叶/花	蒸汽蒸馏	清透、利落、通畅	柠檬、薄荷、乳香、薰衣草、雪松	草本类里有些品种刺激性更强，外用务必先做低剂量测试。；孕期慎用	适合作为 Herbaceous 类入门卡；建议后续补充 GC/MS、安全证据与品牌层来源。
OIL024	茶树	Tea Tree	Melaleuca alternifolia	Herbaceous	清洁草本	叶	蒸汽蒸馏	清洁、穿透、实用、元系列	薰衣草、柠檬、尤加利、雪松	草本类里有些品种刺激性更强，外用务必先做低剂量测试。；局部敏感	适合作为 Herbaceous 类入门卡；建议后续补充 GC/MS、安全证据与品牌层来源。｜元系列SKU Y-J-003｜¥138/10ml｜产地澳大利亚｜元系列SKU Y-M-029｜¥188/5ml｜产地澳洲｜元系列SKU Y-M-053｜¥188/5ml｜产地澳洲
OIL025	尤加利球型	Eucalyptus globulus	Eucalyptus globulus	Camphoraceous	樟脑清凉	叶	蒸汽蒸馏	清凉、呼吸感、通透、元系列	柠檬、薄荷、乳香、茶树、薰衣草	这类精油通常更强势，幼儿、孕期和敏感皮肤要格外谨慎。；幼儿慎用	适合作为 Camphoraceous 类入门卡；建议后续补充 GC/MS、安全证据与品牌层来源。｜元系列SKU Y-M-032｜¥88/5ml｜产地澳洲
OIL026	尤加利辐射	Eucalyptus radiata	Eucalyptus radiata	Camphoraceous	更柔和尤加利	叶	蒸汽蒸馏	柔和、清透、呼吸感、元系列	茶树、柠檬、薰衣草	这类精油通常更强势，幼儿、孕期和敏感皮肤要格外谨慎。	适合作为 Camphoraceous 类入门卡；建议后续补充 GC/MS、安全证据与品牌层来源。｜元系列SKU Y-J-002｜¥138/10ml｜产地澳大利亚
OIL027	白千层	Niaouli	Melaleuca quinquenervia	Herbaceous	清亮草木	叶	蒸汽蒸馏	清亮、洁净、穿透	尤加利、茶树、柠檬、薰衣草、雪松	草本类里有些品种刺激性更强，外用务必先做低剂量测试。	适合作为 Herbaceous 类入门卡；建议后续补充 GC/MS、安全证据与品牌层来源。
OIL028	柠檬草	Lemongrass	Cymbopogon citratus	Herbaceous	柠檬草本	叶	蒸汽蒸馏	锋利、明快、洁净	薄荷、天竺葵、薰衣草、柠檬、雪松	草本类里有些品种刺激性更强，外用务必先做低剂量测试。	适合作为 Herbaceous 类入门卡；建议后续补充 GC/MS、安全证据与品牌层来源。
OIL029	香茅	Citronella	Cymbopogon winterianus	Herbaceous	清新驱蚊感	叶	蒸汽蒸馏	清新、外放、空气感、元系列	柠檬草、薰衣草、雪松、柠檬	草本类里有些品种刺激性更强，外用务必先做低剂量测试。	适合作为 Herbaceous 类入门卡；建议后续补充 GC/MS、安全证据与品牌层来源。｜元系列SKU Y-J-005｜¥178/10ml｜产地法国/印度洋
OIL030	罗勒	Basil	Ocimum basilicum	Herbaceous	绿色香草	叶	蒸汽蒸馏	绿色、活跃、清晰、元系列	柠檬、薄荷、甜橙、薰衣草、雪松	草本类里有些品种刺激性更强，外用务必先做低剂量测试。；孕期慎用	适合作为 Herbaceous 类入门卡；建议后续补充 GC/MS、安全证据与品牌层来源。｜元系列SKU Y-M-048｜¥138/100ml｜产地印度/埃及
OIL031	甜马郁兰	Marjoram	Origanum majorana	Herbaceous	温柔草本	叶/花	蒸汽蒸馏	温柔、放松、包裹	薰衣草、乳香、橙花、柠檬、雪松	草本类里有些品种刺激性更强，外用务必先做低剂量测试。	适合作为 Herbaceous 类入门卡；建议后续补充 GC/MS、安全证据与品牌层来源。
OIL032	百里香	Thyme	Thymus vulgaris	Herbaceous	强烈草本	叶/花	蒸汽蒸馏	强烈、穿透、经典	柠檬、茶树、薰衣草、雪松	草本类里有些品种刺激性更强，外用务必先做低剂量测试。；刺激性	适合作为 Herbaceous 类入门卡；建议后续补充 GC/MS、安全证据与品牌层来源。
OIL033	牛至	Oregano	Origanum vulgare	Herbaceous	辛辣草本	叶	蒸汽蒸馏	辛辣、外放、强劲	柠檬、甜橙、薰衣草、雪松	草本类里有些品种刺激性更强，外用务必先做低剂量测试。；刺激性	适合作为 Herbaceous 类入门卡；建议后续补充 GC/MS、安全证据与品牌层来源。
OIL034	大西洋雪松	Atlas Cedarwood	Cedrus atlantica	Woody	干燥木质	木材	蒸汽蒸馏	干燥、沉稳、下沉、元系列	佛手柑、乳香、薰衣草、檀香	木质类通常安全感更强，但依然要按具体品种和剂量来判断。	适合作为 Woody 类入门卡；建议后续补充 GC/MS、安全证据与品牌层来源。｜元系列SKU Y-T-086｜¥158/5ml｜产地摩洛哥
OIL035	弗吉尼亚雪松	Virginia Cedarwood	Juniperus virginiana	Woody	干净木质	木材	蒸汽蒸馏	干净、稳重、安定	甜橙、檀香、杜松浆果、佛手柑、乳香	木质类通常安全感更强，但依然要按具体品种和剂量来判断。	适合作为 Woody 类入门卡；建议后续补充 GC/MS、安全证据与品牌层来源。
OIL036	檀香	Sandalwood	Santalum album	Woody	奶油木香	木材	蒸汽蒸馏	奶油感、圆润、安静、元系列	玫瑰、乳香、佛手柑、檀香	木质类通常安全感更强，但依然要按具体品种和剂量来判断。	适合作为 Woody 类入门卡；建议后续补充 GC/MS、安全证据与品牌层来源。｜元系列SKU Y-M-024｜¥688/10ml｜产地印度迈索尔｜元系列SKU Y-T-085｜¥1580/5ml｜产地印度｜元系列SKU Y-T-099｜¥1580/5ml｜产地印度
OIL037	岩兰草	Vetiver	Chrysopogon zizanioides	Woody	潮湿土木	根	蒸汽蒸馏	深沉、安定、夜色	佛手柑、檀香、乳香	木质类通常安全感更强，但依然要按具体品种和剂量来判断。	适合作为 Woody 类入门卡；建议后续补充 GC/MS、安全证据与品牌层来源。
OIL038	广藿香	Patchouli	Pogostemon cablin	Woody	土质香脂	叶	蒸汽蒸馏	土质、厚实、复古、元系列	甜橙、玫瑰、檀香、佛手柑、乳香	木质类通常安全感更强，但依然要按具体品种和剂量来判断。	适合作为 Woody 类入门卡；建议后续补充 GC/MS、安全证据与品牌层来源。｜元系列SKU Y-S-058｜¥158/5ml｜产地印度尼西亚｜元系列SKU Y-T-083｜¥158/5ml｜产地印尼
OIL039	乳香	Frankincense	Boswellia carterii	Resin	神圣树脂	树脂	蒸汽蒸馏	安静、澄明、仪式感、元系列	橙花、檀香、没药、雪松	树脂类通常较厚重，建议先从少量扩香开始。	适合作为 Resin 类入门卡；建议后续补充 GC/MS、安全证据与品牌层来源。｜元系列SKU Y-B-008｜¥358/5ml｜产地索马里｜元系列SKU Y-B-019｜¥358/5ml｜产地埃塞俄比亚
OIL040	没药	Myrrh	Commiphora myrrha	Resin	苦香树脂	树脂	蒸汽蒸馏	深色、安稳、古典、元系列	乳香、檀香、玫瑰、橙花、雪松	树脂类通常较厚重，建议先从少量扩香开始。	适合作为 Resin 类入门卡；建议后续补充 GC/MS、安全证据与品牌层来源。｜元系列SKU Y-B-002｜¥358/5ml｜产地索马里｜元系列SKU Y-B-014｜¥358/5ml｜产地索马里
OIL041	古巴香脂	Copaiba	Copaifera officinalis	Resin	柔和树脂	树脂	蒸汽蒸馏	柔和、圆滑、低调	乳香、雪松、薰衣草、檀香、橙花	树脂类通常较厚重，建议先从少量扩香开始。	适合作为 Resin 类入门卡；建议后续补充 GC/MS、安全证据与品牌层来源。
OIL042	埃利米	Elemi	Canarium luzonicum	Resin	柑香树脂	树脂	蒸汽蒸馏	明亮、树脂、提振	乳香、柠檬、雪松、檀香、橙花	树脂类通常较厚重，建议先从少量扩香开始。	适合作为 Resin 类入门卡；建议后续补充 GC/MS、安全证据与品牌层来源。
OIL043	安息香	Benzoin	Styrax benzoin	Resin	香草树脂	树脂	溶剂/CO2	甜润、包裹、安抚、元系列	檀香、香橙、乳香、橙花、雪松	树脂类通常较厚重，建议先从少量扩香开始。	适合作为 Resin 类入门卡；建议后续补充 GC/MS、安全证据与品牌层来源。｜元系列SKU Y-E-068｜¥288/10ml｜产地印尼苏门答腊｜元系列SKU Y-B-003｜¥168/100ml｜产地印尼｜元系列SKU Y-B-016｜¥158/5ml｜产地印尼
OIL044	柏木	Cypress	Cupressus sempervirens	Woody	干净木气	枝叶	蒸汽蒸馏	干净、挺拔、通透、元系列	杜松浆果、雪松、柠檬、佛手柑、乳香、檀香	木质类通常安全感更强，但依然要按具体品种和剂量来判断。	适合作为 Woody 类入门卡；建议后续补充 GC/MS、安全证据与品牌层来源。｜元系列SKU Y-M-025｜¥158/5ml｜产地法国｜元系列SKU Y-T-109｜¥158/5ml｜产地西班牙
OIL045	杜松浆果	Juniper Berry	Juniperus communis	Woody	清冷浆果	果实	蒸汽蒸馏	清冷、锋利、净化、元系列	柏木、柠檬、薰衣草、佛手柑、乳香、檀香	木质类通常安全感更强，但依然要按具体品种和剂量来判断。	适合作为 Woody 类入门卡；建议后续补充 GC/MS、安全证据与品牌层来源。｜元系列SKU Y-S-059｜¥138/100ml｜产地苏格兰
OIL046	苏格兰松	Pine	Pinus sylvestris	Woody	森林松针	针叶	蒸汽蒸馏	森林感、清爽、外放、元系列	雪松、尤加利、柠檬、佛手柑、乳香、檀香	木质类通常安全感更强，但依然要按具体品种和剂量来判断。	适合作为 Woody 类入门卡；建议后续补充 GC/MS、安全证据与品牌层来源。｜元系列SKU Y-M-027｜¥158/100ml｜产地俄罗斯西伯利亚
OIL047	香脂冷杉	Fir Balsam	Abies balsamea	Woody	节日树脂	针叶	蒸汽蒸馏	节日、清甜、森林感	甜橙、雪松、乳香、佛手柑、檀香	木质类通常安全感更强，但依然要按具体品种和剂量来判断。	适合作为 Woody 类入门卡；建议后续补充 GC/MS、安全证据与品牌层来源。
OIL048	挪威云杉	Spruce	Picea abies	Woody	冷冽木针	针叶	蒸汽蒸馏	冷冽、清透、冬季感	乳香、松树、薰衣草、佛手柑、檀香	木质类通常安全感更强，但依然要按具体品种和剂量来判断。	适合作为 Woody 类入门卡；建议后续补充 GC/MS、安全证据与品牌层来源。
OIL049	生姜	Ginger	Zingiber officinale	Spice	温暖姜香	根茎	蒸汽蒸馏	温暖、活力、辛香、元系列	甜橙、乳香、黑胡椒、檀香	辛香类往往更刺激，外用剂量务必保守。	适合作为 Spice 类入门卡；建议后续补充 GC/MS、安全证据与品牌层来源。｜元系列SKU Y-H-077｜¥158/5ml｜产地马达加斯加｜元系列SKU Y-T-078｜¥158/5ml｜产地中国横断山
OIL050	黑胡椒	Black Pepper	Piper nigrum	Spice	干燥辛香	果实	蒸汽蒸馏	干燥、立体、推动	姜、佛手柑、乳香、甜橙、檀香	辛香类往往更刺激，外用剂量务必保守。	适合作为 Spice 类入门卡；建议后续补充 GC/MS、安全证据与品牌层来源。
OIL051	小豆蔻	Cardamom	Elettaria cardamomum	Spice	清甜辛香	种子	蒸汽蒸馏	清甜、明亮、优雅	柠檬、乳香、檀香、甜橙	辛香类往往更刺激，外用剂量务必保守。	适合作为 Spice 类入门卡；建议后续补充 GC/MS、安全证据与品牌层来源。
OIL052	丁香	Clove	Syzygium aromaticum	Spice	热感香辛	花蕾	蒸汽蒸馏	浓烈、温热、锋利、元系列	甜橙、橘类、肉桂叶、檀香、乳香	辛香类往往更刺激，外用剂量务必保守。；刺激性	适合作为 Spice 类入门卡；建议后续补充 GC/MS、安全证据与品牌层来源。｜元系列SKU Y-M-030｜¥158/5ml｜产地马达加斯加
OIL053	桂皮	Cinnamon Bark	Cinnamomum verum	Spice	热甜肉桂	树皮	蒸汽蒸馏	热甜、包裹、冬日感	甜橙、丁香、乳香、檀香	辛香类往往更刺激，外用剂量务必保守。；刺激性	适合作为 Spice 类入门卡；建议后续补充 GC/MS、安全证据与品牌层来源。
OIL054	肉桂叶	Cinnamon Leaf	Cinnamomum verum	Spice	辛暖肉桂	叶	蒸汽蒸馏	辛暖、浓郁、锋利	甜橙、丁香、檀香、乳香	辛香类往往更刺激，外用剂量务必保守。；刺激性	适合作为 Spice 类入门卡；建议后续补充 GC/MS、安全证据与品牌层来源。
OIL055	肉豆蔻	Nutmeg	Myristica fragrans	Spice	暖香甜辛	种子	蒸汽蒸馏	暖香、圆润、复古	甜橙、广藿香、乳香、檀香	辛香类往往更刺激，外用剂量务必保守。	适合作为 Spice 类入门卡；建议后续补充 GC/MS、安全证据与品牌层来源。
OIL056	甜茴香	Sweet Fennel	Foeniculum vulgare	Spice	甘甜草籽	种子	蒸汽蒸馏	甘甜、轻快、草籽感	柠檬、薰衣草、甜橙、檀香、乳香	辛香类往往更刺激，外用剂量务必保守。	适合作为 Spice 类入门卡；建议后续补充 GC/MS、安全证据与品牌层来源。
OIL057	茴香	Anise	Pimpinella anisum	Spice	甘甜八角感	种子	蒸汽蒸馏	甘甜、明显、个性	甜橙、肉桂叶、檀香、乳香	辛香类往往更刺激，外用剂量务必保守。	适合作为 Spice 类入门卡；建议后续补充 GC/MS、安全证据与品牌层来源。
OIL058	芫荽籽	Coriander Seed	Coriandrum sativum	Spice	温暖香料	种子	蒸汽蒸馏	温暖、柔和、平衡	橙花、乳香、甜橙、檀香	辛香类往往更刺激，外用剂量务必保守。	适合作为 Spice 类入门卡；建议后续补充 GC/MS、安全证据与品牌层来源。
OIL059	胡萝卜籽	Carrot Seed	Daucus carota	Earthy	干土草木	种子	蒸汽蒸馏	干土、深沉、安静、元系列	乳香、天竺葵、薰衣草	这类香气常比较深沉，少量就够，不必追求浓度。	适合作为 Earthy 类入门卡；建议后续补充 GC/MS、安全证据与品牌层来源。｜元系列SKU Y-H-074｜¥238/100ml｜产地法国
OIL060	姜黄	Turmeric	Curcuma longa	Spice	温热土辛	根茎	蒸汽蒸馏	温热、泥土感、明黄	黑胡椒、乳香、甜橙、檀香	辛香类往往更刺激，外用剂量务必保守。	适合作为 Spice 类入门卡；建议后续补充 GC/MS、安全证据与品牌层来源。
OIL061	克莱门氏小柑橘	Clementine	Citrus × clementina	Citrus	清甜柑橘	果皮	冷压	清甜、柔和、亲和	真正薰衣草、檀香、雪松、茶树、尤加利	常见果皮类品种要留意光毒性，外用后尽量避免日晒。；光毒性	适合作为 Citrus 类入门卡；建议后续补充 GC/MS、安全证据与品牌层来源。
OIL062	血橙	Blood Orange	Citrus × sinensis 'Ruby'	Citrus	深红柑橘	果皮	冷压	甜润、明亮、浆果感	甜橙、乳香、佛手柑、天竺葵、薄荷	常见果皮类品种要留意光毒性，外用后尽量避免日晒。；光毒性	适合作为 Citrus 类入门卡；建议后续补充 GC/MS、安全证据与品牌层来源。
OIL063	文旦	Pomelo	Citrus maxima	Citrus	清苦柑橘	果皮	冷压	清苦、厚重、通透	真正薰衣草、檀香、雪松、茶树、尤加利	常见果皮类品种要留意光毒性，外用后尽量避免日晒。；光毒性	适合作为 Citrus 类入门卡；建议后续补充 GC/MS、安全证据与品牌层来源。
OIL064	金橘	Kumquat	Citrus japonica	Citrus	细亮柑橘	果皮	冷压	细亮、微涩、明亮	甜橙、乳香、佛手柑、天竺葵、薄荷	常见果皮类品种要留意光毒性，外用后尽量避免日晒。；光毒性	适合作为 Citrus 类入门卡；建议后续补充 GC/MS、安全证据与品牌层来源。
OIL065	香橼	Citron	Citrus medica	Citrus	古典柑橘	果皮	冷压	古典、苦香、明亮	真正薰衣草、檀香、雪松、茶树、尤加利	常见果皮类品种要留意光毒性，外用后尽量避免日晒。；光毒性	适合作为 Citrus 类入门卡；建议后续补充 GC/MS、安全证据与品牌层来源。
OIL066	佛手	Buddha's Hand	Citrus medica var. sarcodactylis	Citrus	清雅佛手	果皮	冷压	清雅、禅意、明亮	甜橙、乳香、佛手柑、天竺葵、薄荷	常见果皮类品种要留意光毒性，外用后尽量避免日晒。；光毒性	适合作为 Citrus 类入门卡；建议后续补充 GC/MS、安全证据与品牌层来源。
OIL067	卡菲尔青柠叶	Kaffir Lime Leaf	Citrus hystrix	Citrus	青绿柑橘	叶	蒸汽蒸馏	青绿、清冽、通透	真正薰衣草、檀香、雪松、茶树、尤加利	常见果皮类品种要留意光毒性，外用后尽量避免日晒。	适合作为 Citrus 类入门卡；建议后续补充 GC/MS、安全证据与品牌层来源。
OIL068	温州蜜柑	Satsuma	Citrus unshiu	Citrus	圆润柑橘	果皮	冷压	圆润、柔和、亲和	甜橙、乳香、佛手柑、天竺葵、薄荷	常见果皮类品种要留意光毒性，外用后尽量避免日晒。；光毒性	适合作为 Citrus 类入门卡；建议后续补充 GC/MS、安全证据与品牌层来源。
OIL069	大马士革玫瑰	Rose Damask	Rosa × damascena	Floral	经典玫瑰	花朵	蒸汽蒸馏	经典、柔润、高级、元系列	真正薰衣草、檀香、雪松、茶树、尤加利	花香类往往更适合低剂量、慢慢闻，避免叠加过浓。	适合作为 Floral 类入门卡；建议后续补充 GC/MS、安全证据与品牌层来源。｜元系列SKU Y-H-069｜¥1358/5ml｜产地保加利亚
OIL070	摩洛哥玫瑰	Rose Centifolia	Rosa centifolia	Floral	蜜润玫瑰	花朵	蒸汽蒸馏	蜜润、华贵、圆润	甜橙、乳香、佛手柑、天竺葵、薄荷	花香类往往更适合低剂量、慢慢闻，避免叠加过浓。	适合作为 Floral 类入门卡；建议后续补充 GC/MS、安全证据与品牌层来源。
OIL071	白玫瑰	White Rose	Rosa × alba	Floral	清润玫瑰	花朵	蒸汽蒸馏	清润、含蓄、高级	真正薰衣草、檀香、雪松、茶树、尤加利	花香类往往更适合低剂量、慢慢闻，避免叠加过浓。	适合作为 Floral 类入门卡；建议后续补充 GC/MS、安全证据与品牌层来源。
OIL072	小花茉莉	Jasmine Sambac	Jasminum sambac	Floral	清润白花	花朵	溶剂/CO2	清润、清雅、白花	甜橙、乳香、佛手柑、天竺葵、薄荷	花香类往往更适合低剂量、慢慢闻，避免叠加过浓。	适合作为 Floral 类入门卡；建议后续补充 GC/MS、安全证据与品牌层来源。
OIL073	摩洛哥洋甘菊	Blue Tansy	Tanacetum annuum	Floral	深蓝花草	花朵	蒸汽蒸馏	深蓝、清透、安抚	真正薰衣草、檀香、雪松、茶树、尤加利	花香类往往更适合低剂量、慢慢闻，避免叠加过浓。	适合作为 Floral 类入门卡；建议后续补充 GC/MS、安全证据与品牌层来源。
OIL074	紫罗兰	Violet	Viola odorata	Floral	粉感花香	花朵/叶	溶剂/CO2	粉感、含蓄、复古	甜橙、乳香、佛手柑、天竺葵、薄荷	花香类往往更适合低剂量、慢慢闻，避免叠加过浓。	适合作为 Floral 类入门卡；建议后续补充 GC/MS、安全证据与品牌层来源。
OIL075	桂花	Osmanthus	Osmanthus fragrans	Floral	蜜润桂香	花朵	溶剂/CO2	蜜润、果甜、高级	真正薰衣草、檀香、雪松、茶树、尤加利	花香类往往更适合低剂量、慢慢闻，避免叠加过浓。	适合作为 Floral 类入门卡；建议后续补充 GC/MS、安全证据与品牌层来源。
OIL076	树兰	Champaca	Michelia champaca	Floral	暖润白花	花朵	溶剂/CO2	暖润、脂感、异域	甜橙、乳香、佛手柑、天竺葵、薄荷	花香类往往更适合低剂量、慢慢闻，避免叠加过浓。	适合作为 Floral 类入门卡；建议后续补充 GC/MS、安全证据与品牌层来源。
OIL077	白兰	White Champaca	Michelia alba	Floral	清润白花	花朵	溶剂/CO2	清润、脂感、含蓄	真正薰衣草、檀香、雪松、茶树、尤加利	花香类往往更适合低剂量、慢慢闻，避免叠加过浓。	适合作为 Floral 类入门卡；建议后续补充 GC/MS、安全证据与品牌层来源。
OIL078	鸡蛋花	Frangipani	Plumeria alba	Floral	奶油白花	花朵	溶剂/CO2	奶油、甜润、热带	甜橙、乳香、佛手柑、天竺葵、薄荷	花香类往往更适合低剂量、慢慢闻，避免叠加过浓。	适合作为 Floral 类入门卡；建议后续补充 GC/MS、安全证据与品牌层来源。
OIL079	晚香玉	Tuberose	Polianthes tuberosa	Floral	醉人白花	花朵	溶剂/CO2	醉人、脂感、白花	真正薰衣草、檀香、雪松、茶树、尤加利	花香类往往更适合低剂量、慢慢闻，避免叠加过浓。	适合作为 Floral 类入门卡；建议后续补充 GC/MS、安全证据与品牌层来源。
OIL080	水仙	Narcissus	Narcissus poeticus	Floral	清冷白花	花朵	溶剂/CO2	清冷、绿意、白花	甜橙、乳香、佛手柑、天竺葵、薄荷	花香类往往更适合低剂量、慢慢闻，避免叠加过浓。	适合作为 Floral 类入门卡；建议后续补充 GC/MS、安全证据与品牌层来源。
OIL081	金合欢	Mimosa	Acacia dealbata	Floral	粉绒花香	花朵	溶剂/CO2	粉绒、轻柔、绿意	真正薰衣草、檀香、雪松、茶树、尤加利	花香类往往更适合低剂量、慢慢闻，避免叠加过浓。	适合作为 Floral 类入门卡；建议后续补充 GC/MS、安全证据与品牌层来源。
OIL082	永久花	Immortelle	Helichrysum italicum	Floral	蜜甜草木	花/叶	蒸汽蒸馏	蜜甜、草木、温暖、元系列	甜橙、乳香、佛手柑、天竺葵、薄荷	花香类往往更适合低剂量、慢慢闻，避免叠加过浓。	适合作为 Floral 类入门卡；建议后续补充 GC/MS、安全证据与品牌层来源。｜元系列SKU Y-J-014｜¥958/5ml｜产地法国科西嘉｜元系列SKU Y-J-016｜¥958/5ml｜产地克罗地亚
OIL083	莲花	Lotus	Nelumbo nucifera	Floral	清禅花香	花朵	溶剂/CO2	清禅、水感、含蓄	真正薰衣草、檀香、雪松、茶树、尤加利	花香类往往更适合低剂量、慢慢闻，避免叠加过浓。	适合作为 Floral 类入门卡；建议后续补充 GC/MS、安全证据与品牌层来源。
OIL084	鸢尾凝脂	Iris Butter	Iris pallida	Floral	粉脂根香	根茎	溶剂/CO2	粉脂、木质、高级	甜橙、乳香、佛手柑、天竺葵、薄荷	花香类往往更适合低剂量、慢慢闻，避免叠加过浓。	适合作为 Floral 类入门卡；建议后续补充 GC/MS、安全证据与品牌层来源。
OIL085	小苍兰	Freesia	Freesia refracta	Floral	清亮花香	花朵	溶剂/CO2	清亮、水感、轻快	真正薰衣草、檀香、雪松、茶树、尤加利	花香类往往更适合低剂量、慢慢闻，避免叠加过浓。	适合作为 Floral 类入门卡；建议后续补充 GC/MS、安全证据与品牌层来源。
OIL086	康乃馨	Carnation	Dianthus caryophyllus	Floral	辛香花香	花朵	溶剂/CO2	辛香、暖润、复古	甜橙、乳香、佛手柑、天竺葵、薄荷	花香类往往更适合低剂量、慢慢闻，避免叠加过浓。	适合作为 Floral 类入门卡；建议后续补充 GC/MS、安全证据与品牌层来源。
OIL087	铃兰	Lily of the Valley	Convallaria majalis	Floral	清润铃香	花朵	溶剂/CO2	清润、水感、含蓄	真正薰衣草、檀香、雪松、茶树、尤加利	花香类往往更适合低剂量、慢慢闻，避免叠加过浓。	适合作为 Floral 类入门卡；建议后续补充 GC/MS、安全证据与品牌层来源。
OIL088	栀子	Gardenia	Gardenia jasminoides	Floral	蜜润白花	花朵	溶剂/CO2	蜜润、奶油、含蓄	甜橙、乳香、佛手柑、天竺葵、薄荷	花香类往往更适合低剂量、慢慢闻，避免叠加过浓。	适合作为 Floral 类入门卡；建议后续补充 GC/MS、安全证据与品牌层来源。
OIL089	九里香	Orange Jasmine	Murraya paniculata	Floral	清亮白花	花朵	蒸汽蒸馏	清亮、绿意、通透	真正薰衣草、檀香、雪松、茶树、尤加利	花香类往往更适合低剂量、慢慢闻，避免叠加过浓。	适合作为 Floral 类入门卡；建议后续补充 GC/MS、安全证据与品牌层来源。
OIL090	金银花	Honeysuckle	Lonicera japonica	Floral	清润花香	花朵	溶剂/CO2	清润、草本、柔和	甜橙、乳香、佛手柑、天竺葵、薄荷	花香类往往更适合低剂量、慢慢闻，避免叠加过浓。	适合作为 Floral 类入门卡；建议后续补充 GC/MS、安全证据与品牌层来源。
OIL091	苹果天竺葵	Apple Geranium	Pelargonium odoratissimum	Floral	苹果花草	叶	蒸汽蒸馏	苹果、清甜、柔和	真正薰衣草、檀香、雪松、茶树、尤加利	花香类往往更适合低剂量、慢慢闻，避免叠加过浓。	适合作为 Floral 类入门卡；建议后续补充 GC/MS、安全证据与品牌层来源。
OIL092	樱花	Cherry Blossom	Prunus serrulata	Floral	粉润花香	花朵	溶剂/CO2	粉润、水感、轻柔	甜橙、乳香、佛手柑、天竺葵、薄荷	花香类往往更适合低剂量、慢慢闻，避免叠加过浓。	适合作为 Floral 类入门卡；建议后续补充 GC/MS、安全证据与品牌层来源。
OIL093	樟脑迷迭香	Rosemary ct. Camphor	Salvia rosmarinus ct. camphor	Herbaceous	樟脑草本	花/叶	蒸汽蒸馏	樟脑、清醒、穿透	真正薰衣草、檀香、雪松、茶树、尤加利	草本类里有些品种刺激性更强，外用务必先做低剂量测试。；癫痫/婴幼儿慎用；孕妇慎用	适合作为 Herbaceous 类入门卡；建议后续补充 GC/MS、安全证据与品牌层来源。
OIL094	桉叶迷迭香	Rosemary ct. 1,8-Cineole	Salvia rosmarinus ct. cineole	Herbaceous	清凉草本	花/叶	蒸汽蒸馏	清凉、通透、清醒	甜橙、乳香、佛手柑、天竺葵、薄荷	草本类里有些品种刺激性更强，外用务必先做低剂量测试。；癫痫/婴幼儿慎用；孕妇慎用	适合作为 Herbaceous 类入门卡；建议后续补充 GC/MS、安全证据与品牌层来源。
OIL095	沉香醇迷迭香	Rosemary ct. Linalool	Salvia rosmarinus ct. linalool	Herbaceous	柔和草本	花/叶	蒸汽蒸馏	柔和、清新、安抚	真正薰衣草、檀香、雪松、茶树、尤加利	草本类里有些品种刺激性更强，外用务必先做低剂量测试。；癫痫/婴幼儿慎用	适合作为 Herbaceous 类入门卡；建议后续补充 GC/MS、安全证据与品牌层来源。
OIL096	鼠尾草	Sage	Salvia officinalis	Herbaceous	厚重草本	叶	蒸汽蒸馏	厚重、樟脑、草本	甜橙、乳香、佛手柑、天竺葵、薄荷	草本类里有些品种刺激性更强，外用务必先做低剂量测试。；癫痫/婴幼儿慎用；孕妇慎用	适合作为 Herbaceous 类入门卡；建议后续补充 GC/MS、安全证据与品牌层来源。
OIL097	西班牙鼠尾草	Spanish Sage	Salvia lavandulifolia	Herbaceous	清亮草本	叶	蒸汽蒸馏	清亮、草本、清醒	真正薰衣草、檀香、雪松、茶树、尤加利	草本类里有些品种刺激性更强，外用务必先做低剂量测试。	适合作为 Herbaceous 类入门卡；建议后续补充 GC/MS、安全证据与品牌层来源。
OIL098	菠萝鼠尾草	Pineapple Sage	Salvia elegans	Herbaceous	果香草本	叶/花	蒸汽蒸馏	果香、清甜、草本	甜橙、乳香、佛手柑、天竺葵、薄荷	草本类里有些品种刺激性更强，外用务必先做低剂量测试。	适合作为 Herbaceous 类入门卡；建议后续补充 GC/MS、安全证据与品牌层来源。
OIL099	白千层	Cajeput	Melaleuca cajuputi	Herbaceous	清透药草	叶	蒸汽蒸馏	清透、药感、通透	真正薰衣草、檀香、雪松、茶树、尤加利	草本类里有些品种刺激性更强，外用务必先做低剂量测试。	适合作为 Herbaceous 类入门卡；建议后续补充 GC/MS、安全证据与品牌层来源。
OIL100	麦卢卡	Manuka	Leptospermum scoparium	Herbaceous	厚实药草	叶/枝	蒸汽蒸馏	厚实、药感、温暖	甜橙、乳香、佛手柑、天竺葵、薄荷	草本类里有些品种刺激性更强，外用务必先做低剂量测试。	适合作为 Herbaceous 类入门卡；建议后续补充 GC/MS、安全证据与品牌层来源。
OIL101	卡奴卡	Kanuka	Kunzea ericoides	Herbaceous	清透药草	叶/枝	蒸汽蒸馏	清透、洁净、草本	真正薰衣草、檀香、雪松、茶树、尤加利	草本类里有些品种刺激性更强，外用务必先做低剂量测试。	适合作为 Herbaceous 类入门卡；建议后续补充 GC/MS、安全证据与品牌层来源。
OIL102	柠檬尤加利	Lemon Eucalyptus	Eucalyptus citriodora	Herbaceous	柠檬药草	叶	蒸汽蒸馏	柠檬、清凉、通透	甜橙、乳香、佛手柑、天竺葵、薄荷	草本类里有些品种刺激性更强，外用务必先做低剂量测试。；癫痫/婴幼儿慎用	适合作为 Herbaceous 类入门卡；建议后续补充 GC/MS、安全证据与品牌层来源。
OIL103	史密斯尤加利	Eucalyptus Smithii	Eucalyptus smithii	Herbaceous	温和尤加利	叶	蒸汽蒸馏	温和、通透、安心	真正薰衣草、檀香、雪松、茶树、尤加利	草本类里有些品种刺激性更强，外用务必先做低剂量测试。；癫痫/婴幼儿慎用	适合作为 Herbaceous 类入门卡；建议后续补充 GC/MS、安全证据与品牌层来源。
OIL104	多苞尤加利	Eucalyptus Polybractea	Eucalyptus polybractea	Herbaceous	强劲尤加利	叶	蒸汽蒸馏	强劲、清凉、通透	甜橙、乳香、佛手柑、天竺葵、薄荷	草本类里有些品种刺激性更强，外用务必先做低剂量测试。；癫痫/婴幼儿慎用	适合作为 Herbaceous 类入门卡；建议后续补充 GC/MS、安全证据与品牌层来源。
OIL105	多枝尤加利	Eucalyptus Viminalis	Eucalyptus viminalis	Herbaceous	清透尤加利	叶	蒸汽蒸馏	清透、凉爽、通透	真正薰衣草、檀香、雪松、茶树、尤加利	草本类里有些品种刺激性更强，外用务必先做低剂量测试。；癫痫/婴幼儿慎用	适合作为 Herbaceous 类入门卡；建议后续补充 GC/MS、安全证据与品牌层来源。
OIL106	薄荷尤加利	Peppermint Eucalyptus	Eucalyptus dives	Herbaceous	薄荷尤加利	叶	蒸汽蒸馏	薄荷、清凉、通透	甜橙、乳香、佛手柑、天竺葵、薄荷	草本类里有些品种刺激性更强，外用务必先做低剂量测试。；癫痫/婴幼儿慎用	适合作为 Herbaceous 类入门卡；建议后续补充 GC/MS、安全证据与品牌层来源。
OIL107	小叶尤加利	Eucalyptus Parvifolia	Eucalyptus parvifolia	Herbaceous	柔和尤加利	叶	蒸汽蒸馏	柔和、清新、安定	真正薰衣草、檀香、雪松、茶树、尤加利	草本类里有些品种刺激性更强，外用务必先做低剂量测试。；癫痫/婴幼儿慎用	适合作为 Herbaceous 类入门卡；建议后续补充 GC/MS、安全证据与品牌层来源。
OIL108	苹果薄荷	Apple Mint	Mentha suaveolens	Herbaceous	苹果薄荷	叶	蒸汽蒸馏	苹果、清甜、薄荷	甜橙、乳香、佛手柑、天竺葵、薄荷	草本类里有些品种刺激性更强，外用务必先做低剂量测试。	适合作为 Herbaceous 类入门卡；建议后续补充 GC/MS、安全证据与品牌层来源。
OIL109	圆叶薄荷	Round-leaf Mint	Mentha rotundifolia	Herbaceous	土感薄荷	叶	蒸汽蒸馏	土感、清凉、草本	真正薰衣草、檀香、雪松、茶树、尤加利	草本类里有些品种刺激性更强，外用务必先做低剂量测试。	适合作为 Herbaceous 类入门卡；建议后续补充 GC/MS、安全证据与品牌层来源。
OIL110	水薄荷	Water Mint	Mentha aquatica	Herbaceous	清冽薄荷	叶	蒸汽蒸馏	清冽、清凉、通透	甜橙、乳香、佛手柑、天竺葵、薄荷	草本类里有些品种刺激性更强，外用务必先做低剂量测试。	适合作为 Herbaceous 类入门卡；建议后续补充 GC/MS、安全证据与品牌层来源。
OIL111	香蜂草	Lemon Balm	Melissa officinalis	Herbaceous	柠檬草本	叶/花	蒸汽蒸馏	柠檬、柔和、安抚、元系列	真正薰衣草、檀香、雪松、茶树、尤加利	草本类里有些品种刺激性更强，外用务必先做低剂量测试。	适合作为 Herbaceous 类入门卡；建议后续补充 GC/MS、安全证据与品牌层来源。｜元系列SKU Y-M-039｜¥788/5ml｜产地法国｜元系列SKU Y-M-051｜¥1258/5ml｜产地法国
OIL112	香茅	Lemongrass	Cymbopogon flexuosus	Herbaceous	柠檬草木	全草	蒸汽蒸馏	柠檬、锐利、通透、元系列	甜橙、乳香、佛手柑、天竺葵、薄荷	草本类里有些品种刺激性更强，外用务必先做低剂量测试。	适合作为 Herbaceous 类入门卡；建议后续补充 GC/MS、安全证据与品牌层来源。｜元系列SKU Y-S-062｜¥118/5ml｜产地尼泊尔
OIL113	玫瑰草	Palmarosa	Cymbopogon martinii	Herbaceous	玫瑰草木	全草	蒸汽蒸馏	玫瑰、柔和、通透	真正薰衣草、檀香、雪松、茶树、尤加利	草本类里有些品种刺激性更强，外用务必先做低剂量测试。	适合作为 Herbaceous 类入门卡；建议后续补充 GC/MS、安全证据与品牌层来源。
OIL114	墨西哥牛至	Mexican Oregano	Lippia graveolens	Herbaceous	辛香草本	叶	蒸汽蒸馏	辛香、强烈、草本	甜橙、乳香、佛手柑、天竺葵、薄荷	草本类里有些品种刺激性更强，外用务必先做低剂量测试。	适合作为 Herbaceous 类入门卡；建议后续补充 GC/MS、安全证据与品牌层来源。
OIL115	牛膝草	Hyssop	Hyssopus officinalis	Herbaceous	清苦药草	花/叶	蒸汽蒸馏	清苦、樟脑、草本	真正薰衣草、檀香、雪松、茶树、尤加利	草本类里有些品种刺激性更强，外用务必先做低剂量测试。；癫痫/婴幼儿慎用；孕妇慎用	适合作为 Herbaceous 类入门卡；建议后续补充 GC/MS、安全证据与品牌层来源。
OIL116	柠檬马鞭草	Lemon Verbena	Aloysia citrodora	Herbaceous	柠檬草木	叶	蒸汽蒸馏	柠檬、清亮、通透	甜橙、乳香、佛手柑、天竺葵、薄荷	草本类里有些品种刺激性更强，外用务必先做低剂量测试。	适合作为 Herbaceous 类入门卡；建议后续补充 GC/MS、安全证据与品牌层来源。
OIL117	龙蒿	Tarragon	Artemisia dracunculus	Herbaceous	茴香草本	叶	蒸汽蒸馏	茴香、清冽、草本	真正薰衣草、檀香、雪松、茶树、尤加利	草本类里有些品种刺激性更强，外用务必先做低剂量测试。；孕妇慎用	适合作为 Herbaceous 类入门卡；建议后续补充 GC/MS、安全证据与品牌层来源。
OIL118	苦艾	Wormwood	Artemisia absinthium	Herbaceous	苦凉药草	花/叶	蒸汽蒸馏	苦凉、樟脑、强烈	甜橙、乳香、佛手柑、天竺葵、薄荷	草本类里有些品种刺激性更强，外用务必先做低剂量测试。；癫痫/婴幼儿慎用；孕妇慎用	适合作为 Herbaceous 类入门卡；建议后续补充 GC/MS、安全证据与品牌层来源。
OIL119	艾	Mugwort	Artemisia argyi	Herbaceous	苦温药草	叶	蒸汽蒸馏	苦温、草本、厚重	真正薰衣草、檀香、雪松、茶树、尤加利	草本类里有些品种刺激性更强，外用务必先做低剂量测试。；癫痫/婴幼儿慎用；孕妇慎用	适合作为 Herbaceous 类入门卡；建议后续补充 GC/MS、安全证据与品牌层来源。
OIL120	圣罗勒	Holy Basil	Ocimum sanctum	Herbaceous	神圣草本	叶/花	蒸汽蒸馏	神圣、草本、温暖	甜橙、乳香、佛手柑、天竺葵、薄荷	草本类里有些品种刺激性更强，外用务必先做低剂量测试。	适合作为 Herbaceous 类入门卡；建议后续补充 GC/MS、安全证据与品牌层来源。
OIL121	热带罗勒	Tropical Basil	Ocimum basilicum ct. estragole	Herbaceous	茴香草本	叶	蒸汽蒸馏	茴香、清甜、草本	真正薰衣草、檀香、雪松、茶树、尤加利	草本类里有些品种刺激性更强，外用务必先做低剂量测试。；孕妇慎用	适合作为 Herbaceous 类入门卡；建议后续补充 GC/MS、安全证据与品牌层来源。
OIL122	丁香罗勒	Clove Basil	Ocimum gratissimum	Herbaceous	辛香草本	叶	蒸汽蒸馏	辛香、丁香、草本	甜橙、乳香、佛手柑、天竺葵、薄荷	草本类里有些品种刺激性更强，外用务必先做低剂量测试。	适合作为 Herbaceous 类入门卡；建议后续补充 GC/MS、安全证据与品牌层来源。
OIL123	柠檬罗勒	Lemon Basil	Ocimum × citriodorum	Herbaceous	柠檬草本	叶	蒸汽蒸馏	柠檬、清甜、草本	真正薰衣草、檀香、雪松、茶树、尤加利	草本类里有些品种刺激性更强，外用务必先做低剂量测试。	适合作为 Herbaceous 类入门卡；建议后续补充 GC/MS、安全证据与品牌层来源。
OIL124	西洋蓍草	Yarrow	Achillea millefolium	Herbaceous	清苦草木	花/叶	蒸汽蒸馏	清苦、草本、通透、元系列	甜橙、乳香、佛手柑、天竺葵、薄荷	草本类里有些品种刺激性更强，外用务必先做低剂量测试。	适合作为 Herbaceous 类入门卡；建议后续补充 GC/MS、安全证据与品牌层来源。｜元系列SKU Y-M-052｜¥288/5ml｜产地保加利亚
OIL125	万寿菊	Tagetes	Tagetes minuta	Herbaceous	青苦草木	花/叶	蒸汽蒸馏	青苦、果香、通透	真正薰衣草、檀香、雪松、茶树、尤加利	草本类里有些品种刺激性更强，外用务必先做低剂量测试。；光毒性	适合作为 Herbaceous 类入门卡；建议后续补充 GC/MS、安全证据与品牌层来源。
OIL126	缬草	Valerian	Valeriana officinalis	Herbaceous	厚重根草	根	蒸汽蒸馏	厚重、土腥、安神	甜橙、乳香、佛手柑、天竺葵、薄荷	草本类里有些品种刺激性更强，外用务必先做低剂量测试。	适合作为 Herbaceous 类入门卡；建议后续补充 GC/MS、安全证据与品牌层来源。
OIL127	猫薄荷	Catnip	Nepeta cataria	Herbaceous	清凉草本	叶/花	蒸汽蒸馏	清凉、草本、通透	真正薰衣草、檀香、雪松、茶树、尤加利	草本类里有些品种刺激性更强，外用务必先做低剂量测试。	适合作为 Herbaceous 类入门卡；建议后续补充 GC/MS、安全证据与品牌层来源。
OIL128	岩蔷薇	Labdanum	Cistus ladanifer	Herbaceous	树脂草木	枝叶	溶剂/CO2	树脂、烟感、厚重	甜橙、乳香、佛手柑、天竺葵、薄荷	草本类里有些品种刺激性更强，外用务必先做低剂量测试。	适合作为 Herbaceous 类入门卡；建议后续补充 GC/MS、安全证据与品牌层来源。
OIL129	土木香	Elecampane	Inula helenium	Herbaceous	厚重根草	根	蒸汽蒸馏	厚重、土感、温暖	真正薰衣草、檀香、雪松、茶树、尤加利	草本类里有些品种刺激性更强，外用务必先做低剂量测试。	适合作为 Herbaceous 类入门卡；建议后续补充 GC/MS、安全证据与品牌层来源。
OIL130	紫苏	Perilla	Perilla frutescens	Herbaceous	辛香草本	叶	蒸汽蒸馏	辛香、草本、清新	甜橙、乳香、佛手柑、天竺葵、薄荷	草本类里有些品种刺激性更强，外用务必先做低剂量测试。	适合作为 Herbaceous 类入门卡；建议后续补充 GC/MS、安全证据与品牌层来源。
OIL131	冬季香薄荷	Winter Savory	Satureja montana	Herbaceous	辛香草本	叶/花	蒸汽蒸馏	辛香、强烈、草本	真正薰衣草、檀香、雪松、茶树、尤加利	草本类里有些品种刺激性更强，外用务必先做低剂量测试。；刺激性	适合作为 Herbaceous 类入门卡；建议后续补充 GC/MS、安全证据与品牌层来源。
OIL132	夏季香薄荷	Summer Savory	Satureja hortensis	Herbaceous	清亮草本	叶/花	蒸汽蒸馏	清亮、草本、清新	甜橙、乳香、佛手柑、天竺葵、薄荷	草本类里有些品种刺激性更强，外用务必先做低剂量测试。	适合作为 Herbaceous 类入门卡；建议后续补充 GC/MS、安全证据与品牌层来源。
OIL133	艾纳香	Blumea	Blumea balsamifera	Herbaceous	樟脑草本	叶	蒸汽蒸馏	樟脑、清凉、通透	真正薰衣草、檀香、雪松、茶树、尤加利	草本类里有些品种刺激性更强，外用务必先做低剂量测试。	适合作为 Herbaceous 类入门卡；建议后续补充 GC/MS、安全证据与品牌层来源。
OIL134	法国薰衣草	French Lavender	Lavandula stoechas	Herbaceous	清亮花香	花穗	蒸汽蒸馏	清亮、草本、花香	甜橙、乳香、佛手柑、天竺葵、薄荷	草本类里有些品种刺激性更强，外用务必先做低剂量测试。；孕妇慎用	适合作为 Herbaceous 类入门卡；建议后续补充 GC/MS、安全证据与品牌层来源。
OIL135	棉薰衣草	Woolly Lavender	Lavandula lanata	Herbaceous	柔和花香	花穗	蒸汽蒸馏	柔和、粉感、花香	真正薰衣草、檀香、雪松、茶树、尤加利	草本类里有些品种刺激性更强，外用务必先做低剂量测试。	适合作为 Herbaceous 类入门卡；建议后续补充 GC/MS、安全证据与品牌层来源。
OIL136	沉香醇百里香	Thyme ct. Linalool	Thymus vulgaris ct. linalool	Herbaceous	柔和草本	叶/花	蒸汽蒸馏	柔和、清新、草本	甜橙、乳香、佛手柑、天竺葵、薄荷	草本类里有些品种刺激性更强，外用务必先做低剂量测试。；刺激性	适合作为 Herbaceous 类入门卡；建议后续补充 GC/MS、安全证据与品牌层来源。
OIL137	侧柏醇百里香	Thyme ct. Thujanol	Thymus vulgaris ct. thujanol	Herbaceous	温润草本	叶/花	蒸汽蒸馏	温润、草本、安抚	真正薰衣草、檀香、雪松、茶树、尤加利	草本类里有些品种刺激性更强，外用务必先做低剂量测试。；刺激性	适合作为 Herbaceous 类入门卡；建议后续补充 GC/MS、安全证据与品牌层来源。
OIL138	龙脑百里香	Thyme ct. Borneol	Thymus vulgaris ct. borneol	Herbaceous	清凉草本	叶/花	蒸汽蒸馏	清凉、草本、通透	甜橙、乳香、佛手柑、天竺葵、薄荷	草本类里有些品种刺激性更强，外用务必先做低剂量测试。；刺激性	适合作为 Herbaceous 类入门卡；建议后续补充 GC/MS、安全证据与品牌层来源。
OIL139	喜马拉雅雪松	Himalayan Cedarwood	Cedrus deodara	Woody	柔软木质	木材	蒸汽蒸馏	柔软、沉稳、安定、元系列	真正薰衣草、檀香、雪松、茶树、尤加利	木质类通常安全感更强，但依然要按具体品种和剂量来判断。	适合作为 Woody 类入门卡；建议后续补充 GC/MS、安全证据与品牌层来源。｜元系列SKU Y-M-026｜¥138/10ml｜产地尼泊尔
OIL140	澳大利亚檀香	Australian Sandalwood	Santalum spicatum	Woody	奶油木香	木材	蒸汽蒸馏	奶油、圆润、安静	甜橙、乳香、佛手柑、天竺葵、薄荷	木质类通常安全感更强，但依然要按具体品种和剂量来判断。	适合作为 Woody 类入门卡；建议后续补充 GC/MS、安全证据与品牌层来源。
OIL141	阿米香树	Amyris	Amyris balsamifera	Woody	温润木质	木材	蒸汽蒸馏	温润、安定、低调	真正薰衣草、檀香、雪松、茶树、尤加利	木质类通常安全感更强，但依然要按具体品种和剂量来判断。	适合作为 Woody 类入门卡；建议后续补充 GC/MS、安全证据与品牌层来源。
OIL142	愈创木	Guaiacwood	Guaiacum officinale	Woody	烟感木质	木材	蒸汽蒸馏	烟感、厚重、安定	甜橙、乳香、佛手柑、天竺葵、薄荷	木质类通常安全感更强，但依然要按具体品种和剂量来判断。	适合作为 Woody 类入门卡；建议后续补充 GC/MS、安全证据与品牌层来源。
OIL143	花梨木	Rosewood	Aniba rosaeodora	Woody	柔润木香	木材	蒸汽蒸馏	柔润、花香、圆润、元系列	真正薰衣草、檀香、雪松、茶树、尤加利	木质类通常安全感更强，但依然要按具体品种和剂量来判断。	适合作为 Woody 类入门卡；建议后续补充 GC/MS、安全证据与品牌层来源。｜元系列SKU Y-M-028｜¥188/100ml｜产地巴西
OIL144	芳樟	Ho Wood	Cinnamomum camphora ct. linalool	Woody	清润木香	木材/叶	蒸汽蒸馏	清润、花香、柔和	甜橙、乳香、佛手柑、天竺葵、薄荷	木质类通常安全感更强，但依然要按具体品种和剂量来判断。	适合作为 Woody 类入门卡；建议后续补充 GC/MS、安全证据与品牌层来源。
OIL145	香樟	Camphor	Cinnamomum camphora	Woody	樟脑木香	木材/叶	蒸汽蒸馏	樟脑、清凉、穿透	真正薰衣草、檀香、雪松、茶树、尤加利	木质类通常安全感更强，但依然要按具体品种和剂量来判断。	适合作为 Woody 类入门卡；建议后续补充 GC/MS、安全证据与品牌层来源。
OIL146	沉香	Agarwood	Aquilaria crassna	Woody	深暗树脂木	木材/树脂	蒸汽蒸馏	深暗、树脂、高级	甜橙、乳香、佛手柑、天竺葵、薄荷	木质类通常安全感更强，但依然要按具体品种和剂量来判断。	适合作为 Woody 类入门卡；建议后续补充 GC/MS、安全证据与品牌层来源。
OIL147	紫檀	Red Sandalwood	Pterocarpus santalinus	Woody	温润木香	木材	蒸汽蒸馏	温润、粉感、安定	真正薰衣草、檀香、雪松、茶树、尤加利	木质类通常安全感更强，但依然要按具体品种和剂量来判断。	适合作为 Woody 类入门卡；建议后续补充 GC/MS、安全证据与品牌层来源。
OIL148	桦木	Birch	Betula lenta	Woody	清冽木香	皮/枝	蒸汽蒸馏	清冽、水杨、通透	甜橙、乳香、佛手柑、天竺葵、薄荷	木质类通常安全感更强，但依然要按具体品种和剂量来判断。	适合作为 Woody 类入门卡；建议后续补充 GC/MS、安全证据与品牌层来源。
OIL149	冬青	Wintergreen	Gaultheria procumbens	Woody	凉感木香	叶	蒸汽蒸馏	凉感、水杨、通透	真正薰衣草、檀香、雪松、茶树、尤加利	木质类通常安全感更强，但依然要按具体品种和剂量来判断。	适合作为 Woody 类入门卡；建议后续补充 GC/MS、安全证据与品牌层来源。
OIL150	黎巴嫩雪松	Cedar of Lebanon	Cedrus libani	Woody	庄严木质	木材	蒸汽蒸馏	庄严、沉稳、安定	甜橙、乳香、佛手柑、天竺葵、薄荷	木质类通常安全感更强，但依然要按具体品种和剂量来判断。	适合作为 Woody 类入门卡；建议后续补充 GC/MS、安全证据与品牌层来源。
OIL151	桧木	Hinoki Cypress	Chamaecyparis obtusa	Woody	清润木香	木材	蒸汽蒸馏	清润、洁净、安定	真正薰衣草、檀香、雪松、茶树、尤加利	木质类通常安全感更强，但依然要按具体品种和剂量来判断。	适合作为 Woody 类入门卡；建议后续补充 GC/MS、安全证据与品牌层来源。
OIL152	崖柏	Arborvitae	Thuja occidentalis	Woody	清苦木香	叶/枝	蒸汽蒸馏	清苦、清凉、穿透	甜橙、乳香、佛手柑、天竺葵、薄荷	木质类通常安全感更强，但依然要按具体品种和剂量来判断。；癫痫/婴幼儿慎用；孕妇慎用	适合作为 Woody 类入门卡；建议后续补充 GC/MS、安全证据与品牌层来源。
OIL153	索马里乳香	Somali Frankincense	Boswellia sacra	Resin	神圣树脂	树脂	蒸汽蒸馏	安静、澄明、仪式感、元系列	真正薰衣草、檀香、雪松、茶树、尤加利	树脂类通常较厚重，建议先从少量扩香开始。	适合作为 Resin 类入门卡；建议后续补充 GC/MS、安全证据与品牌层来源。｜元系列SKU Y-B-001｜¥358/5ml｜产地阿曼
OIL154	印度乳香	Indian Frankincense	Boswellia serrata	Resin	温润树脂	树脂	蒸汽蒸馏	温润、圆润、安定	甜橙、乳香、佛手柑、天竺葵、薄荷	树脂类通常较厚重，建议先从少量扩香开始。	适合作为 Resin 类入门卡；建议后续补充 GC/MS、安全证据与品牌层来源。
OIL155	白松香	Galbanum	Ferula galbaniflua	Resin	青绿树脂	树脂	蒸汽蒸馏	青绿、强烈、通透	真正薰衣草、檀香、雪松、茶树、尤加利	树脂类通常较厚重，建议先从少量扩香开始。	适合作为 Resin 类入门卡；建议后续补充 GC/MS、安全证据与品牌层来源。
OIL156	阿魏	Asafoetida	Ferula assa-foetida	Resin	蒜臭树脂	树脂	蒸汽蒸馏	蒜臭、强烈、厚重	甜橙、乳香、佛手柑、天竺葵、薄荷	树脂类通常较厚重，建议先从少量扩香开始。	适合作为 Resin 类入门卡；建议后续补充 GC/MS、安全证据与品牌层来源。
OIL157	榄香脂	Opoponax	Commiphora guidottii	Resin	甜润树脂	树脂	蒸汽蒸馏	甜润、粉感、温暖	真正薰衣草、檀香、雪松、茶树、尤加利	树脂类通常较厚重，建议先从少量扩香开始。	适合作为 Resin 类入门卡；建议后续补充 GC/MS、安全证据与品牌层来源。
OIL158	苏合香	Styrax	Liquidambar orientalis	Resin	暖润树脂	树脂	溶剂/CO2	暖润、粉感、复古	甜橙、乳香、佛手柑、天竺葵、薄荷	树脂类通常较厚重，建议先从少量扩香开始。	适合作为 Resin 类入门卡；建议后续补充 GC/MS、安全证据与品牌层来源。
OIL159	吐鲁香脂	Tolu Balsam	Myroxylon toluiferum	Resin	香草树脂	树脂	溶剂/CO2	香草、甜润、温暖	真正薰衣草、檀香、雪松、茶树、尤加利	树脂类通常较厚重，建议先从少量扩香开始。	适合作为 Resin 类入门卡；建议后续补充 GC/MS、安全证据与品牌层来源。
OIL160	秘鲁香脂	Peru Balsam	Myroxylon balsamum	Resin	甜润树脂	树脂	溶剂/CO2	甜润、暖厚、复古	甜橙、乳香、佛手柑、天竺葵、薄荷	树脂类通常较厚重，建议先从少量扩香开始。	适合作为 Resin 类入门卡；建议后续补充 GC/MS、安全证据与品牌层来源。
OIL161	枫香	Formosan Sweetgum	Liquidambar formosana	Resin	烟感树脂	树脂	溶剂/CO2	烟感、暖润、复古	真正薰衣草、檀香、雪松、茶树、尤加利	树脂类通常较厚重，建议先从少量扩香开始。	适合作为 Resin 类入门卡；建议后续补充 GC/MS、安全证据与品牌层来源。
OIL162	红没药	Opoponax Red	Commiphora erythraea	Resin	暖甜树脂	树脂	蒸汽蒸馏	暖甜、脂感、复古	甜橙、乳香、佛手柑、天竺葵、薄荷	树脂类通常较厚重，建议先从少量扩香开始。	适合作为 Resin 类入门卡；建议后续补充 GC/MS、安全证据与品牌层来源。
OIL163	黑豆蔻	Black Cardamom	Amomum subulatum	Spice	烟熏香料	种子	蒸汽蒸馏	烟熏、厚重、温暖	真正薰衣草、檀香、雪松、茶树、尤加利	辛香类往往更刺激，外用剂量务必保守。	适合作为 Spice 类入门卡；建议后续补充 GC/MS、安全证据与品牌层来源。
OIL164	孜然	Cumin	Cuminum cyminum	Spice	厚重香料	种子	蒸汽蒸馏	厚重、土感、强烈	甜橙、乳香、佛手柑、天竺葵、薄荷	辛香类往往更刺激，外用剂量务必保守。；光毒性	适合作为 Spice 类入门卡；建议后续补充 GC/MS、安全证据与品牌层来源。
OIL165	多香果	Allspice	Pimenta dioica	Spice	复合香料	浆果	蒸汽蒸馏	复合、辛暖、温暖	真正薰衣草、檀香、雪松、茶树、尤加利	辛香类往往更刺激，外用剂量务必保守。；刺激性	适合作为 Spice 类入门卡；建议后续补充 GC/MS、安全证据与品牌层来源。
OIL166	八角	Star Anise	Illicium verum	Spice	茴香香料	果实	蒸汽蒸馏	茴香、甜润、温暖	甜橙、乳香、佛手柑、天竺葵、薄荷	辛香类往往更刺激，外用剂量务必保守。；孕妇慎用	适合作为 Spice 类入门卡；建议后续补充 GC/MS、安全证据与品牌层来源。
OIL167	花椒	Sichuan Pepper	Zanthoxylum bungeanum	Spice	麻凉香料	果皮	蒸汽蒸馏	麻凉、辛香、通透	真正薰衣草、檀香、雪松、茶树、尤加利	辛香类往往更刺激，外用剂量务必保守。；刺激性；孕妇慎用	适合作为 Spice 类入门卡；建议后续补充 GC/MS、安全证据与品牌层来源。
OIL168	月桂叶	Bay Laurel	Laurus nobilis	Spice	清亮香料	叶	蒸汽蒸馏	清亮、药感、通透、元系列	甜橙、乳香、佛手柑、天竺葵、薄荷	辛香类往往更刺激，外用剂量务必保守。；刺激性；孕妇慎用	适合作为 Spice 类入门卡；建议后续补充 GC/MS、安全证据与品牌层来源。｜元系列SKU Y-M-040｜¥258/5ml｜产地牙买加
OIL169	香草	Vanilla	Vanilla planifolia	Spice	甜润香草	豆荚	溶剂/CO2	甜润、温暖、包裹	真正薰衣草、檀香、雪松、茶树、尤加利	辛香类往往更刺激，外用剂量务必保守。	适合作为 Spice 类入门卡；建议后续补充 GC/MS、安全证据与品牌层来源。
OIL170	高良姜	Galangal	Alpinia galanga	Spice	辛凉香料	根茎	蒸汽蒸馏	辛凉、清新、通透	甜橙、乳香、佛手柑、天竺葵、薄荷	辛香类往往更刺激，外用剂量务必保守。	适合作为 Spice 类入门卡；建议后续补充 GC/MS、安全证据与品牌层来源。
OIL171	葫芦巴	Fenugreek	Trigonella foenum-graecum	Spice	坚厚香料	种子	蒸汽蒸馏	坚厚、微苦、温暖	真正薰衣草、檀香、雪松、茶树、尤加利	辛香类往往更刺激，外用剂量务必保守。	适合作为 Spice 类入门卡；建议后续补充 GC/MS、安全证据与品牌层来源。
OIL172	芥末籽	Mustard	Brassica nigra	Spice	强烈香料	种子	蒸汽蒸馏	强烈、穿透、刺激	甜橙、乳香、佛手柑、天竺葵、薄荷	辛香类往往更刺激，外用剂量务必保守。；刺激性	适合作为 Spice 类入门卡；建议后续补充 GC/MS、安全证据与品牌层来源。
OIL173	桂枝	Cassia	Cinnamomum cassia	Spice	浓暖香料	树皮	蒸汽蒸馏	浓暖、强烈、厚重、元系列	真正薰衣草、檀香、雪松、茶树、尤加利	辛香类往往更刺激，外用剂量务必保守。；刺激性；孕妇慎用	适合作为 Spice 类入门卡；建议后续补充 GC/MS、安全证据与品牌层来源。｜元系列SKU Y-M-033｜¥258/5ml｜产地马达加斯加
OIL174	荜澄茄	Cubeb	Piper cubeba	Spice	辛凉香料	浆果	蒸汽蒸馏	辛凉、清新、通透	甜橙、乳香、佛手柑、天竺葵、薄荷	辛香类往往更刺激，外用剂量务必保守。	适合作为 Spice 类入门卡；建议后续补充 GC/MS、安全证据与品牌层来源。
OIL175	荜拔	Long Pepper	Piper longum	Spice	辛暖香料	果穗	蒸汽蒸馏	辛暖、厚重、温暖	真正薰衣草、檀香、雪松、茶树、尤加利	辛香类往往更刺激，外用剂量务必保守。；孕妇慎用	适合作为 Spice 类入门卡；建议后续补充 GC/MS、安全证据与品牌层来源。
OIL176	大蒜	Garlic	Allium sativum	Spice	强烈香料	鳞茎	蒸汽蒸馏	强烈、穿透、刺激	甜橙、乳香、佛手柑、天竺葵、薄荷	辛香类往往更刺激，外用剂量务必保守。	适合作为 Spice 类入门卡；建议后续补充 GC/MS、安全证据与品牌层来源。
OIL177	西伯利亚冷杉	Siberian Fir	Abies sibirica	Conifer	清透冷杉	针叶	蒸汽蒸馏	清透、冷峻、通透	真正薰衣草、檀香、雪松、茶树、尤加利	针叶类通常清爽提神，外用仍要注意浓度，婴幼儿与癫痫人群避免高浓度吸入。	适合作为 Conifer 类入门卡；建议后续补充 GC/MS、安全证据与品牌层来源。
OIL178	海岸松	Maritime Pine	Pinus pinaster	Conifer	厚实松针	针叶	蒸汽蒸馏	厚实、清新、温暖	甜橙、乳香、佛手柑、天竺葵、薄荷	针叶类通常清爽提神，外用仍要注意浓度，婴幼儿与癫痫人群避免高浓度吸入。	适合作为 Conifer 类入门卡；建议后续补充 GC/MS、安全证据与品牌层来源。
OIL179	黑云杉	Black Spruce	Picea mariana	Conifer	沉稳针叶	针叶	蒸汽蒸馏	沉稳、冷峻、安定	真正薰衣草、檀香、雪松、茶树、尤加利	针叶类通常清爽提神，外用仍要注意浓度，婴幼儿与癫痫人群避免高浓度吸入。	适合作为 Conifer 类入门卡；建议后续补充 GC/MS、安全证据与品牌层来源。
OIL180	道格拉斯冷杉	Douglas Fir	Pseudotsuga menziesii	Conifer	清甜冷杉	针叶	蒸汽蒸馏	清甜、清新、通透	甜橙、乳香、佛手柑、天竺葵、薄荷	针叶类通常清爽提神，外用仍要注意浓度，婴幼儿与癫痫人群避免高浓度吸入。	适合作为 Conifer 类入门卡；建议后续补充 GC/MS、安全证据与品牌层来源。
OIL181	银冷杉	White Fir	Abies alba	Conifer	柔和冷杉	针叶	蒸汽蒸馏	柔和、通透、安定	真正薰衣草、檀香、雪松、茶树、尤加利	针叶类通常清爽提神，外用仍要注意浓度，婴幼儿与癫痫人群避免高浓度吸入。	适合作为 Conifer 类入门卡；建议后续补充 GC/MS、安全证据与品牌层来源。
OIL182	落叶松	Larch	Larix decidua	Conifer	清苦针叶	针叶/树脂	蒸汽蒸馏	清苦、冷峻、通透	甜橙、乳香、佛手柑、天竺葵、薄荷	针叶类通常清爽提神，外用仍要注意浓度，婴幼儿与癫痫人群避免高浓度吸入。	适合作为 Conifer 类入门卡；建议后续补充 GC/MS、安全证据与品牌层来源。
OIL183	喜马拉雅冷杉	Himalayan Fir	Abies spectabilis	Conifer	清透冷杉	针叶	蒸汽蒸馏	清透、冷峻、通透	真正薰衣草、檀香、雪松、茶树、尤加利	针叶类通常清爽提神，外用仍要注意浓度，婴幼儿与癫痫人群避免高浓度吸入。	适合作为 Conifer 类入门卡；建议后续补充 GC/MS、安全证据与品牌层来源。
OIL184	红云杉	Red Spruce	Picea rubens	Conifer	深绿针叶	针叶	蒸汽蒸馏	深绿、冷峻、安定	甜橙、乳香、佛手柑、天竺葵、薄荷	针叶类通常清爽提神，外用仍要注意浓度，婴幼儿与癫痫人群避免高浓度吸入。	适合作为 Conifer 类入门卡；建议后续补充 GC/MS、安全证据与品牌层来源。
OIL185	白云杉	White Spruce	Picea glauca	Conifer	柔和针叶	针叶	蒸汽蒸馏	柔和、冷峻、通透	真正薰衣草、檀香、雪松、茶树、尤加利	针叶类通常清爽提神，外用仍要注意浓度，婴幼儿与癫痫人群避免高浓度吸入。	适合作为 Conifer 类入门卡；建议后续补充 GC/MS、安全证据与品牌层来源。
OIL186	辐射松	Radiata Pine	Pinus radiata	Conifer	厚实松针	针叶	蒸汽蒸馏	厚实、清新、温暖	甜橙、乳香、佛手柑、天竺葵、薄荷	针叶类通常清爽提神，外用仍要注意浓度，婴幼儿与癫痫人群避免高浓度吸入。	适合作为 Conifer 类入门卡；建议后续补充 GC/MS、安全证据与品牌层来源。
OIL187	意松	Stone Pine	Pinus pinea	Conifer	温润松针	针叶	蒸汽蒸馏	温润、松感、安定	真正薰衣草、檀香、雪松、茶树、尤加利	针叶类通常清爽提神，外用仍要注意浓度，婴幼儿与癫痫人群避免高浓度吸入。	适合作为 Conifer 类入门卡；建议后续补充 GC/MS、安全证据与品牌层来源。
OIL188	铁杉	Hemlock	Tsuga canadensis	Conifer	清苦针叶	针叶	蒸汽蒸馏	清苦、冷峻、通透	甜橙、乳香、佛手柑、天竺葵、薄荷	针叶类通常清爽提神，外用仍要注意浓度，婴幼儿与癫痫人群避免高浓度吸入。	适合作为 Conifer 类入门卡；建议后续补充 GC/MS、安全证据与品牌层来源。
OIL189	粉红胡椒	Pink Pepper	Schinus molle	Berry	辛亮浆果	浆果	蒸汽蒸馏	辛亮、通透、轻快	真正薰衣草、檀香、雪松、茶树、尤加利	浆果类通常干净透亮，部分品种外用仍需低剂量测试。	适合作为 Berry 类入门卡；建议后续补充 GC/MS、安全证据与品牌层来源。
OIL190	当归	Angelica Root	Angelica archangelica	Root	青绿根香	根	蒸汽蒸馏	青绿、厚重、通透	甜橙、乳香、佛手柑、天竺葵、薄荷	根茎类通常气息沉稳厚重，建议先从少量扩香、低剂量外用开始。；光毒性	适合作为 Root 类入门卡；建议后续补充 GC/MS、安全证据与品牌层来源。
OIL191	甘草	Licorice	Glycyrrhiza glabra	Root	甜润根香	根	蒸汽蒸馏	甜润、厚重、温暖	真正薰衣草、檀香、雪松、茶树、尤加利	根茎类通常气息沉稳厚重，建议先从少量扩香、低剂量外用开始。	适合作为 Root 类入门卡；建议后续补充 GC/MS、安全证据与品牌层来源。
OIL192	香附子	Cyperus	Cyperus rotundus	Root	土暖根香	根茎	蒸汽蒸馏	土暖、干燥、草本	甜橙、乳香、佛手柑、天竺葵、薄荷	根茎类通常气息沉稳厚重，建议先从少量扩香、低剂量外用开始。	适合作为 Root 类入门卡；建议后续补充 GC/MS、安全证据与品牌层来源。
OIL193	菖蒲	Calamus	Acorus calamus	Root	辛凉根香	根茎	蒸汽蒸馏	辛凉、土感、通透	真正薰衣草、檀香、雪松、茶树、尤加利	根茎类通常气息沉稳厚重，建议先从少量扩香、低剂量外用开始。	适合作为 Root 类入门卡；建议后续补充 GC/MS、安全证据与品牌层来源。
OIL194	云木香	Costus	Saussurea costus	Root	厚重根香	根	蒸汽蒸馏	厚重、土感、温暖	甜橙、乳香、佛手柑、天竺葵、薄荷	根茎类通常气息沉稳厚重，建议先从少量扩香、低剂量外用开始。	适合作为 Root 类入门卡；建议后续补充 GC/MS、安全证据与品牌层来源。
OIL195	芹菜籽	Celery Seed	Apium graveolens	Root	清苦根香	种子	蒸汽蒸馏	清苦、清新、通透	真正薰衣草、檀香、雪松、茶树、尤加利	根茎类通常气息沉稳厚重，建议先从少量扩香、低剂量外用开始。	适合作为 Root 类入门卡；建议后续补充 GC/MS、安全证据与品牌层来源。
OIL196	葛缕子	Caraway	Carum carvi	Seed	辛香种子	种子	蒸汽蒸馏	辛香、清新、通透	甜橙、乳香、佛手柑、天竺葵、薄荷	种子类香气集中，外用剂量务必保守，孕妇与幼儿使用前先确认。	适合作为 Seed 类入门卡；建议后续补充 GC/MS、安全证据与品牌层来源。
OIL197	莳萝	Dill	Anethum graveolens	Seed	清甜种子	种子	蒸汽蒸馏	清甜、草本、通透	真正薰衣草、檀香、雪松、茶树、尤加利	种子类香气集中，外用剂量务必保守，孕妇与幼儿使用前先确认。	适合作为 Seed 类入门卡；建议后续补充 GC/MS、安全证据与品牌层来源。
OIL198	香桃木	Myrtle	Myrtus communis	Leaf	清透绿叶	叶/枝	蒸汽蒸馏	清透、洁净、通透	甜橙、乳香、佛手柑、天竺葵、薄荷	叶类通常清新易闻，外用前先做低剂量测试更稳妥。	适合作为 Leaf 类入门卡；建议后续补充 GC/MS、安全证据与品牌层来源。
OIL199	柠檬香桃木	Lemon Myrtle	Backhousia citriodora	Leaf	柠檬绿叶	叶	蒸汽蒸馏	柠檬、清透、通透	真正薰衣草、檀香、雪松、茶树、尤加利	叶类通常清新易闻，外用前先做低剂量测试更稳妥。	适合作为 Leaf 类入门卡；建议后续补充 GC/MS、安全证据与品牌层来源。
OIL200	帚状香桃木	Honey Myrtle	Melaleuca armillaris	Leaf	清透绿叶	叶	蒸汽蒸馏	清透、洁净、通透	甜橙、乳香、佛手柑、天竺葵、薄荷	叶类通常清新易闻，外用前先做低剂量测试更稳妥。	适合作为 Leaf 类入门卡；建议后续补充 GC/MS、安全证据与品牌层来源。
OIL201	茴香香桃木	Anise Myrtle	Syzygium anisatum	Leaf	茴香绿叶	叶	蒸汽蒸馏	茴香、清凉、草本	真正薰衣草、檀香、雪松、茶树、尤加利	叶类通常清新易闻，外用前先做低剂量测试更稳妥。	适合作为 Leaf 类入门卡；建议后续补充 GC/MS、安全证据与品牌层来源。
OIL202	红千层	Bottlebrush	Callistemon citrinus	Leaf	清亮绿叶	叶	蒸汽蒸馏	清亮、通透、清新	甜橙、乳香、佛手柑、天竺葵、薄荷	叶类通常清新易闻，外用前先做低剂量测试更稳妥。	适合作为 Leaf 类入门卡；建议后续补充 GC/MS、安全证据与品牌层来源。
OIL203	蓝胶香桃木	Blue Myrtle	Melaleuca squarrosa	Leaf	清透绿叶	叶	蒸汽蒸馏	清透、洁净、通透	真正薰衣草、檀香、雪松、茶树、尤加利	叶类通常清新易闻，外用前先做低剂量测试更稳妥。	适合作为 Leaf 类入门卡；建议后续补充 GC/MS、安全证据与品牌层来源。
OIL204	沼泽香桃木	Swamp Paperbark	Melaleuca ericifolia	Leaf	柔润绿叶	叶	蒸汽蒸馏	柔润、薰衣草感、安抚	甜橙、乳香、佛手柑、天竺葵、薄荷	叶类通常清新易闻，外用前先做低剂量测试更稳妥。	适合作为 Leaf 类入门卡；建议后续补充 GC/MS、安全证据与品牌层来源。
OIL205	柠檬薄荷	Lemon Mint	Mentha citrata	Herbaceous	柠檬薄荷	叶	蒸汽蒸馏	柠檬、柔和、清新	真正薰衣草、檀香、雪松、茶树、尤加利	草本类里有些品种刺激性更强，外用务必先做低剂量测试。	适合作为 Herbaceous 类入门卡；建议后续补充 GC/MS、安全证据与品牌层来源。
OIL206	水薄荷	Bergamot Mint	Mentha aquatica var. citrata	Herbaceous	柔和薄荷	叶	蒸汽蒸馏	柔和、清凉、清新	甜橙、乳香、佛手柑、天竺葵、薄荷	草本类里有些品种刺激性更强，外用务必先做低剂量测试。	适合作为 Herbaceous 类入门卡；建议后续补充 GC/MS、安全证据与品牌层来源。
OIL207	野薄荷	Field Mint	Mentha arvensis	Mint	清凉薄荷	叶	蒸汽蒸馏	清凉、清爽、通透	真正薰衣草、檀香、雪松、茶树、尤加利	薄荷类对婴幼儿和敏感人群要谨慎，避免过强刺激。；幼儿慎用	适合作为 Mint 类入门卡；建议后续补充 GC/MS、安全证据与品牌层来源。
OIL208	普列薄荷	Pennyroyal	Mentha pulegium	Mint	清苦薄荷	叶	蒸汽蒸馏	清苦、清凉、草本	甜橙、乳香、佛手柑、天竺葵、薄荷	薄荷类对婴幼儿和敏感人群要谨慎，避免过强刺激。；毒性风险；孕妇慎用	适合作为 Mint 类入门卡；建议后续补充 GC/MS、安全证据与品牌层来源。
OIL209	科西嘉薄荷	Corsican Mint	Mentha requienii	Mint	柔和薄荷	叶	蒸汽蒸馏	柔和、清甜、清新	真正薰衣草、檀香、雪松、茶树、尤加利	薄荷类对婴幼儿和敏感人群要谨慎，避免过强刺激。	适合作为 Mint 类入门卡；建议后续补充 GC/MS、安全证据与品牌层来源。
OIL210	长叶薄荷	Horse Mint	Mentha longifolia	Mint	清凉薄荷	叶	蒸汽蒸馏	清凉、草本、通透	甜橙、乳香、佛手柑、天竺葵、薄荷	薄荷类对婴幼儿和敏感人群要谨慎，避免过强刺激。	适合作为 Mint 类入门卡；建议后续补充 GC/MS、安全证据与品牌层来源。
OIL211	大叶迷迭香	Rosemary	Salvia rosmarinus var. latifolia	Herbaceous	清凉草本	花/叶	蒸汽蒸馏	清凉、通透、草本	真正薰衣草、檀香、雪松、茶树、尤加利	草本类里有些品种刺激性更强，外用务必先做低剂量测试。；孕妇慎用	适合作为 Herbaceous 类入门卡；建议后续补充 GC/MS、安全证据与品牌层来源。
OIL212	粉花迷迭香	Pink Rosemary	Salvia rosmarinus 'Roseus'	Herbaceous	柔和草本	花/叶	蒸汽蒸馏	柔和、草本、清新	甜橙、乳香、佛手柑、天竺葵、薄荷	草本类里有些品种刺激性更强，外用务必先做低剂量测试。	适合作为 Herbaceous 类入门卡；建议后续补充 GC/MS、安全证据与品牌层来源。
OIL213	匍匐迷迭香	Prostrate Rosemary	Salvia rosmarinus 'Prostratus'	Herbaceous	清亮草本	花/叶	蒸汽蒸馏	清亮、草本、清新	真正薰衣草、檀香、雪松、茶树、尤加利	草本类里有些品种刺激性更强，外用务必先做低剂量测试。	适合作为 Herbaceous 类入门卡；建议后续补充 GC/MS、安全证据与品牌层来源。
OIL214	白花迷迭香	White Rosemary	Salvia rosmarinus 'Albus'	Herbaceous	清润草本	花/叶	蒸汽蒸馏	清润、草本、清新	甜橙、乳香、佛手柑、天竺葵、薄荷	草本类里有些品种刺激性更强，外用务必先做低剂量测试。	适合作为 Herbaceous 类入门卡；建议后续补充 GC/MS、安全证据与品牌层来源。
OIL215	蓝花迷迭香	Blue Rosemary	Salvia rosmarinus 'Tuscan Blue'	Herbaceous	通透草本	花/叶	蒸汽蒸馏	通透、清凉、草本	真正薰衣草、檀香、雪松、茶树、尤加利	草本类里有些品种刺激性更强，外用务必先做低剂量测试。	适合作为 Herbaceous 类入门卡；建议后续补充 GC/MS、安全证据与品牌层来源。
OIL216	树形石楠	Tree Heath	Erica arborea	Herbaceous	清苦草本	枝叶	蒸汽蒸馏	清苦、冷峻、通透	甜橙、乳香、佛手柑、天竺葵、薄荷	草本类里有些品种刺激性更强，外用务必先做低剂量测试。	适合作为 Herbaceous 类入门卡；建议后续补充 GC/MS、安全证据与品牌层来源。
OIL217	苏格兰石楠	Heather	Calluna vulgaris	Herbaceous	柔和草本	花/叶	蒸汽蒸馏	柔和、干燥、通透	真正薰衣草、檀香、雪松、茶树、尤加利	草本类里有些品种刺激性更强，外用务必先做低剂量测试。	适合作为 Herbaceous 类入门卡；建议后续补充 GC/MS、安全证据与品牌层来源。
OIL218	欧石楠	Bell Heather	Erica cinerea	Herbaceous	清亮草本	花/叶	蒸汽蒸馏	清亮、草本、清新	甜橙、乳香、佛手柑、天竺葵、薄荷	草本类里有些品种刺激性更强，外用务必先做低剂量测试。	适合作为 Herbaceous 类入门卡；建议后续补充 GC/MS、安全证据与品牌层来源。
OIL219	沼泽石楠	Cross-leaved Heath	Erica tetralix	Herbaceous	清透草本	花/叶	蒸汽蒸馏	清透、冷冽、通透	真正薰衣草、檀香、雪松、茶树、尤加利	草本类里有些品种刺激性更强，外用务必先做低剂量测试。	适合作为 Herbaceous 类入门卡；建议后续补充 GC/MS、安全证据与品牌层来源。
OIL220	高山石楠	Alpine Heath	Erica carnea	Herbaceous	冷冽草本	花/叶	蒸汽蒸馏	冷冽、高山、通透	甜橙、乳香、佛手柑、天竺葵、薄荷	草本类里有些品种刺激性更强，外用务必先做低剂量测试。	适合作为 Herbaceous 类入门卡；建议后续补充 GC/MS、安全证据与品牌层来源。
OIL221	科西嘉岩蔷薇	Corsican Cistus	Cistus creticus	Herbaceous	树脂草木	枝叶	溶剂/CO2	树脂、暖润、厚重	真正薰衣草、檀香、雪松、茶树、尤加利	草本类里有些品种刺激性更强，外用务必先做低剂量测试。	适合作为 Herbaceous 类入门卡；建议后续补充 GC/MS、安全证据与品牌层来源。
OIL222	白岩蔷薇	White Cistus	Cistus albidus	Herbaceous	柔和树脂	枝叶	溶剂/CO2	柔和、树脂、安抚	甜橙、乳香、佛手柑、天竺葵、薄荷	草本类里有些品种刺激性更强，外用务必先做低剂量测试。	适合作为 Herbaceous 类入门卡；建议后续补充 GC/MS、安全证据与品牌层来源。
OIL223	月桂叶岩蔷薇	Laurel-leaf Cistus	Cistus laurifolius	Herbaceous	清透树脂	枝叶	溶剂/CO2	清透、树脂、通透	真正薰衣草、檀香、雪松、茶树、尤加利	草本类里有些品种刺激性更强，外用务必先做低剂量测试。	适合作为 Herbaceous 类入门卡；建议后续补充 GC/MS、安全证据与品牌层来源。
OIL224	鼠尾草叶岩蔷薇	Sage-leaf Cistus	Cistus salviifolius	Herbaceous	草本树脂	枝叶	溶剂/CO2	草本、树脂、清新	甜橙、乳香、佛手柑、天竺葵、薄荷	草本类里有些品种刺激性更强，外用务必先做低剂量测试。	适合作为 Herbaceous 类入门卡；建议后续补充 GC/MS、安全证据与品牌层来源。
OIL225	绒毛岩蔷薇	Hairy Cistus	Cistus villosus	Herbaceous	厚重树脂	枝叶	溶剂/CO2	厚重、脂感、复古	真正薰衣草、檀香、雪松、茶树、尤加利	草本类里有些品种刺激性更强，外用务必先做低剂量测试。	适合作为 Herbaceous 类入门卡；建议后续补充 GC/MS、安全证据与品牌层来源。
OIL226	波旁天竺葵	Bourbon Geranium	Pelargonium graveolens cv. Bourbon	Floral	蜜润玫瑰	叶/花	蒸汽蒸馏	蜜润、玫瑰、柔和	甜橙、乳香、佛手柑、天竺葵、薄荷	花香类往往更适合低剂量、慢慢闻，避免叠加过浓。	适合作为 Floral 类入门卡；建议后续补充 GC/MS、安全证据与品牌层来源。
OIL227	埃及天竺葵	Egyptian Geranium	Pelargonium graveolens	Floral	绿意玫瑰	叶/花	蒸汽蒸馏	绿意、柔和、圆润	真正薰衣草、檀香、雪松、茶树、尤加利	花香类往往更适合低剂量、慢慢闻，避免叠加过浓。	适合作为 Floral 类入门卡；建议后续补充 GC/MS、安全证据与品牌层来源。
OIL228	马达加斯加天竺葵	Madagascar Geranium	Pelargonium asperum	Floral	甜润玫瑰	叶/花	蒸汽蒸馏	甜润、玫瑰、通透	甜橙、乳香、佛手柑、天竺葵、薄荷	花香类往往更适合低剂量、慢慢闻，避免叠加过浓。	适合作为 Floral 类入门卡；建议后续补充 GC/MS、安全证据与品牌层来源。
OIL229	中国天竺葵	Chinese Geranium	Pelargonium graveolens	Floral	清润玫瑰	叶/花	蒸汽蒸馏	清润、绿意、通透	真正薰衣草、檀香、雪松、茶树、尤加利	花香类往往更适合低剂量、慢慢闻，避免叠加过浓。	适合作为 Floral 类入门卡；建议后续补充 GC/MS、安全证据与品牌层来源。
OIL230	南非天竺葵	Rose Geranium	Pelargonium capitatum	Floral	粉润玫瑰	叶/花	蒸汽蒸馏	粉润、玫瑰、柔和	甜橙、乳香、佛手柑、天竺葵、薄荷	花香类往往更适合低剂量、慢慢闻，避免叠加过浓。	适合作为 Floral 类入门卡；建议后续补充 GC/MS、安全证据与品牌层来源。
OIL231	红松	Red Pine	Pinus koraiensis	Conifer	厚实松针	针叶	蒸汽蒸馏	厚实、松感、温暖	真正薰衣草、檀香、雪松、茶树、尤加利	针叶类通常清爽提神，外用仍要注意浓度，婴幼儿与癫痫人群避免高浓度吸入。	适合作为 Conifer 类入门卡；建议后续补充 GC/MS、安全证据与品牌层来源。
OIL232	黑松	Black Pine	Pinus nigra	Conifer	冷峻松针	针叶	蒸汽蒸馏	冷峻、沉稳、通透	甜橙、乳香、佛手柑、天竺葵、薄荷	针叶类通常清爽提神，外用仍要注意浓度，婴幼儿与癫痫人群避免高浓度吸入。	适合作为 Conifer 类入门卡；建议后续补充 GC/MS、安全证据与品牌层来源。
OIL233	白皮松	Lacebark Pine	Pinus bungeana	Conifer	清润松针	针叶	蒸汽蒸馏	清润、松感、安定	真正薰衣草、檀香、雪松、茶树、尤加利	针叶类通常清爽提神，外用仍要注意浓度，婴幼儿与癫痫人群避免高浓度吸入。	适合作为 Conifer 类入门卡；建议后续补充 GC/MS、安全证据与品牌层来源。
OIL234	油松	Chinese Pine	Pinus tabuliformis	Conifer	深沉松针	针叶	蒸汽蒸馏	深沉、干燥、温暖	甜橙、乳香、佛手柑、天竺葵、薄荷	针叶类通常清爽提神，外用仍要注意浓度，婴幼儿与癫痫人群避免高浓度吸入。	适合作为 Conifer 类入门卡；建议后续补充 GC/MS、安全证据与品牌层来源。
OIL235	黄山松	Huangshan Pine	Pinus taiwanensis	Conifer	清冷高山	针叶	蒸汽蒸馏	清冷、高山、通透	真正薰衣草、檀香、雪松、茶树、尤加利	针叶类通常清爽提神，外用仍要注意浓度，婴幼儿与癫痫人群避免高浓度吸入。	适合作为 Conifer 类入门卡；建议后续补充 GC/MS、安全证据与品牌层来源。
OIL236	马尾松	Masson Pine	Pinus massoniana	Conifer	厚实松针	针叶	蒸汽蒸馏	厚实、清新、通透	甜橙、乳香、佛手柑、天竺葵、薄荷	针叶类通常清爽提神，外用仍要注意浓度，婴幼儿与癫痫人群避免高浓度吸入。	适合作为 Conifer 类入门卡；建议后续补充 GC/MS、安全证据与品牌层来源。
OIL237	长白松	Changbai Pine	Pinus sylvestris var. sylvestriformis	Conifer	冷冽松针	针叶	蒸汽蒸馏	冷冽、高山、通透	真正薰衣草、檀香、雪松、茶树、尤加利	针叶类通常清爽提神，外用仍要注意浓度，婴幼儿与癫痫人群避免高浓度吸入。	适合作为 Conifer 类入门卡；建议后续补充 GC/MS、安全证据与品牌层来源。
OIL238	西黄松	Ponderosa Pine	Pinus ponderosa	Conifer	温暖松针	针叶	蒸汽蒸馏	温暖、树脂、安定	甜橙、乳香、佛手柑、天竺葵、薄荷	针叶类通常清爽提神，外用仍要注意浓度，婴幼儿与癫痫人群避免高浓度吸入。	适合作为 Conifer 类入门卡；建议后续补充 GC/MS、安全证据与品牌层来源。
OIL239	扭叶松	Lodgepole Pine	Pinus contorta	Conifer	清透松针	针叶	蒸汽蒸馏	清透、冷峻、通透	真正薰衣草、檀香、雪松、茶树、尤加利	针叶类通常清爽提神，外用仍要注意浓度，婴幼儿与癫痫人群避免高浓度吸入。	适合作为 Conifer 类入门卡；建议后续补充 GC/MS、安全证据与品牌层来源。
OIL240	北美白松	Eastern White Pine	Pinus strobus	Conifer	柔和松针	针叶	蒸汽蒸馏	柔和、清新、安定	甜橙、乳香、佛手柑、天竺葵、薄荷	针叶类通常清爽提神，外用仍要注意浓度，婴幼儿与癫痫人群避免高浓度吸入。	适合作为 Conifer 类入门卡；建议后续补充 GC/MS、安全证据与品牌层来源。
OIL241	巨杉	Giant Sequoia	Sequoiadendron giganteum	Conifer	庄严木针	针叶/木	蒸汽蒸馏	庄严、厚重、安定	真正薰衣草、檀香、雪松、茶树、尤加利	针叶类通常清爽提神，外用仍要注意浓度，婴幼儿与癫痫人群避免高浓度吸入。	适合作为 Conifer 类入门卡；建议后续补充 GC/MS、安全证据与品牌层来源。
OIL242	北美红杉	Coast Redwood	Sequoia sempervirens	Conifer	深沉木针	针叶/木	蒸汽蒸馏	深沉、木质、安定	甜橙、乳香、佛手柑、天竺葵、薄荷	针叶类通常清爽提神，外用仍要注意浓度，婴幼儿与癫痫人群避免高浓度吸入。	适合作为 Conifer 类入门卡；建议后续补充 GC/MS、安全证据与品牌层来源。
OIL243	水杉	Dawn Redwood	Metasequoia glyptostroboides	Conifer	清润针叶	针叶	蒸汽蒸馏	清润、水感、安定	真正薰衣草、檀香、雪松、茶树、尤加利	针叶类通常清爽提神，外用仍要注意浓度，婴幼儿与癫痫人群避免高浓度吸入。	适合作为 Conifer 类入门卡；建议后续补充 GC/MS、安全证据与品牌层来源。
OIL244	落羽杉	Bald Cypress	Taxodium distichum	Conifer	湿润木针	针叶	蒸汽蒸馏	湿润、沉稳、安定	甜橙、乳香、佛手柑、天竺葵、薄荷	针叶类通常清爽提神，外用仍要注意浓度，婴幼儿与癫痫人群避免高浓度吸入。	适合作为 Conifer 类入门卡；建议后续补充 GC/MS、安全证据与品牌层来源。
OIL245	池杉	Pond Cypress	Taxodium ascendens	Conifer	清透木针	针叶	蒸汽蒸馏	清透、冷峻、安定	真正薰衣草、檀香、雪松、茶树、尤加利	针叶类通常清爽提神，外用仍要注意浓度，婴幼儿与癫痫人群避免高浓度吸入。	适合作为 Conifer 类入门卡；建议后续补充 GC/MS、安全证据与品牌层来源。
OIL246	杉木	Chinese Fir	Cunninghamia lanceolata	Conifer	清苦木香	木材	蒸汽蒸馏	清苦、干燥、安定	甜橙、乳香、佛手柑、天竺葵、薄荷	针叶类通常清爽提神，外用仍要注意浓度，婴幼儿与癫痫人群避免高浓度吸入。	适合作为 Conifer 类入门卡；建议后续补充 GC/MS、安全证据与品牌层来源。
OIL247	台湾杉	Taiwania	Taiwania cryptomerioides	Conifer	清润木香	木材	蒸汽蒸馏	清润、高山、安定	真正薰衣草、檀香、雪松、茶树、尤加利	针叶类通常清爽提神，外用仍要注意浓度，婴幼儿与癫痫人群避免高浓度吸入。	适合作为 Conifer 类入门卡；建议后续补充 GC/MS、安全证据与品牌层来源。
OIL248	柳杉	Japanese Cedar	Cryptomeria japonica	Conifer	清亮木香	木材/针叶	蒸汽蒸馏	清亮、高山、通透	甜橙、乳香、佛手柑、天竺葵、薄荷	针叶类通常清爽提神，外用仍要注意浓度，婴幼儿与癫痫人群避免高浓度吸入。	适合作为 Conifer 类入门卡；建议后续补充 GC/MS、安全证据与品牌层来源。
OIL249	金松	Japanese Umbrella Pine	Sciadopitys verticillata	Conifer	清润针叶	针叶	蒸汽蒸馏	清润、洁净、通透	真正薰衣草、檀香、雪松、茶树、尤加利	针叶类通常清爽提神，外用仍要注意浓度，婴幼儿与癫痫人群避免高浓度吸入。	适合作为 Conifer 类入门卡；建议后续补充 GC/MS、安全证据与品牌层来源。
OIL250	罗汉松	Yew Plum Pine	Podocarpus macrophyllus	Conifer	深沉木香	叶/木	蒸汽蒸馏	深沉、禅意、安定	甜橙、乳香、佛手柑、天竺葵、薄荷	针叶类通常清爽提神，外用仍要注意浓度，婴幼儿与癫痫人群避免高浓度吸入。	适合作为 Conifer 类入门卡；建议后续补充 GC/MS、安全证据与品牌层来源。
OIL251	竹柏	Nagi Podocarpus	Nageia nagi	Conifer	清润绿叶	叶	蒸汽蒸馏	清润、草本、通透	真正薰衣草、檀香、雪松、茶树、尤加利	针叶类通常清爽提神，外用仍要注意浓度，婴幼儿与癫痫人群避免高浓度吸入。	适合作为 Conifer 类入门卡；建议后续补充 GC/MS、安全证据与品牌层来源。
OIL252	陆均松	Dacrydium	Dacrydium pectinatum	Conifer	清冷针叶	针叶	蒸汽蒸馏	清冷、高山、通透	甜橙、乳香、佛手柑、天竺葵、薄荷	针叶类通常清爽提神，外用仍要注意浓度，婴幼儿与癫痫人群避免高浓度吸入。	适合作为 Conifer 类入门卡；建议后续补充 GC/MS、安全证据与品牌层来源。
OIL253	鸡毛松	Dacrycarpus	Dacrycarpus imbricatus	Conifer	柔和针叶	针叶	蒸汽蒸馏	柔和、冷峻、安定	真正薰衣草、檀香、雪松、茶树、尤加利	针叶类通常清爽提神，外用仍要注意浓度，婴幼儿与癫痫人群避免高浓度吸入。	适合作为 Conifer 类入门卡；建议后续补充 GC/MS、安全证据与品牌层来源。
OIL254	贝壳杉	Kauri	Agathis dammara	Conifer	树脂木香	树脂/木	蒸汽蒸馏	树脂、暖润、厚重	甜橙、乳香、佛手柑、天竺葵、薄荷	针叶类通常清爽提神，外用仍要注意浓度，婴幼儿与癫痫人群避免高浓度吸入。	适合作为 Conifer 类入门卡；建议后续补充 GC/MS、安全证据与品牌层来源。
OIL255	南洋杉	Norfolk Pine	Araucaria heterophylla	Conifer	清透针叶	针叶	蒸汽蒸馏	清透、冷峻、通透	真正薰衣草、檀香、雪松、茶树、尤加利	针叶类通常清爽提神，外用仍要注意浓度，婴幼儿与癫痫人群避免高浓度吸入。	适合作为 Conifer 类入门卡；建议后续补充 GC/MS、安全证据与品牌层来源。
OIL256	巴拉那松	Parana Pine	Araucaria angustifolia	Conifer	温润木针	针叶	蒸汽蒸馏	温润、厚实、安定	甜橙、乳香、佛手柑、天竺葵、薄荷	针叶类通常清爽提神，外用仍要注意浓度，婴幼儿与癫痫人群避免高浓度吸入。	适合作为 Conifer 类入门卡；建议后续补充 GC/MS、安全证据与品牌层来源。
OIL257	智利南洋杉	Monkey Puzzle	Araucaria araucana	Conifer	古老冷冽	针叶	蒸汽蒸馏	古老、冷冽、通透	真正薰衣草、檀香、雪松、茶树、尤加利	针叶类通常清爽提神，外用仍要注意浓度，婴幼儿与癫痫人群避免高浓度吸入。	适合作为 Conifer 类入门卡；建议后续补充 GC/MS、安全证据与品牌层来源。
OIL258	银杏	Ginkgo	Ginkgo biloba	Conifer	清苦古木	叶	溶剂/CO2	清苦、含蓄、安定	甜橙、乳香、佛手柑、天竺葵、薄荷	针叶类通常清爽提神，外用仍要注意浓度，婴幼儿与癫痫人群避免高浓度吸入。	适合作为 Conifer 类入门卡；建议后续补充 GC/MS、安全证据与品牌层来源。
OIL259	苏铁	Sago Palm	Cycas revoluta	Conifer	厚重木叶	叶	溶剂/CO2	厚重、土感、安定	真正薰衣草、檀香、雪松、茶树、尤加利	针叶类通常清爽提神，外用仍要注意浓度，婴幼儿与癫痫人群避免高浓度吸入。	适合作为 Conifer 类入门卡；建议后续补充 GC/MS、安全证据与品牌层来源。
OIL260	买麻藤	Gnetum	Gnetum montanum	Conifer	清苦藤木	枝叶	蒸汽蒸馏	清苦、草本、通透	甜橙、乳香、佛手柑、天竺葵、薄荷	针叶类通常清爽提神，外用仍要注意浓度，婴幼儿与癫痫人群避免高浓度吸入。	适合作为 Conifer 类入门卡；建议后续补充 GC/MS、安全证据与品牌层来源。
OIL261	麻黄	Ephedra	Ephedra sinica	Conifer	辛凉草木	草质茎	蒸汽蒸馏	辛凉、清冽、通透	真正薰衣草、檀香、雪松、茶树、尤加利	针叶类通常清爽提神，外用仍要注意浓度，婴幼儿与癫痫人群避免高浓度吸入。；刺激性；高血压慎用	适合作为 Conifer 类入门卡；建议后续补充 GC/MS、安全证据与品牌层来源。
OIL262	木贼麻黄	Equisetina Ephedra	Ephedra equisetina	Conifer	清冽草木	草质茎	蒸汽蒸馏	清冽、通透、草本	甜橙、乳香、佛手柑、天竺葵、薄荷	针叶类通常清爽提神，外用仍要注意浓度，婴幼儿与癫痫人群避免高浓度吸入。；刺激性；高血压慎用	适合作为 Conifer 类入门卡；建议后续补充 GC/MS、安全证据与品牌层来源。
OIL263	中麻黄	Intermediate Ephedra	Ephedra intermedia	Conifer	辛凉草木	草质茎	蒸汽蒸馏	辛凉、清醒、通透	真正薰衣草、檀香、雪松、茶树、尤加利	针叶类通常清爽提神，外用仍要注意浓度，婴幼儿与癫痫人群避免高浓度吸入。；刺激性；高血压慎用	适合作为 Conifer 类入门卡；建议后续补充 GC/MS、安全证据与品牌层来源。
OIL264	膜果麻黄	Przewalskii Ephedra	Ephedra przewalskii	Conifer	干燥辛凉	草质茎	蒸汽蒸馏	干燥、辛凉、通透	甜橙、乳香、佛手柑、天竺葵、薄荷	针叶类通常清爽提神，外用仍要注意浓度，婴幼儿与癫痫人群避免高浓度吸入。；刺激性；高血压慎用	适合作为 Conifer 类入门卡；建议后续补充 GC/MS、安全证据与品牌层来源。
OIL265	丽江麻黄	Lijiang Ephedra	Ephedra likiangensis	Conifer	高山辛凉	草质茎	蒸汽蒸馏	高山、辛凉、通透	真正薰衣草、檀香、雪松、茶树、尤加利	针叶类通常清爽提神，外用仍要注意浓度，婴幼儿与癫痫人群避免高浓度吸入。；刺激性；高血压慎用	适合作为 Conifer 类入门卡；建议后续补充 GC/MS、安全证据与品牌层来源。
OIL266	草麻黄	Sinica Ephedra	Ephedra sinica var. pumila	Conifer	清苦辛凉	草质茎	蒸汽蒸馏	清苦、辛凉、通透	甜橙、乳香、佛手柑、天竺葵、薄荷	针叶类通常清爽提神，外用仍要注意浓度，婴幼儿与癫痫人群避免高浓度吸入。；刺激性；高血压慎用	适合作为 Conifer 类入门卡；建议后续补充 GC/MS、安全证据与品牌层来源。
OIL267	矮麻黄	Dwarf Ephedra	Ephedra minuta	Conifer	冷冽辛凉	草质茎	蒸汽蒸馏	冷冽、通透、高山	真正薰衣草、檀香、雪松、茶树、尤加利	针叶类通常清爽提神，外用仍要注意浓度，婴幼儿与癫痫人群避免高浓度吸入。；刺激性；高血压慎用	适合作为 Conifer 类入门卡；建议后续补充 GC/MS、安全证据与品牌层来源。
OIL268	单子麻黄	Monosperma Ephedra	Ephedra monosperma	Conifer	清透辛凉	草质茎	蒸汽蒸馏	清透、辛凉、草本	甜橙、乳香、佛手柑、天竺葵、薄荷	针叶类通常清爽提神，外用仍要注意浓度，婴幼儿与癫痫人群避免高浓度吸入。；刺激性；高血压慎用	适合作为 Conifer 类入门卡；建议后续补充 GC/MS、安全证据与品牌层来源。
OIL269	藏麻黄	Tibetan Ephedra	Ephedra saxatilis	Conifer	高原冷冽	草质茎	蒸汽蒸馏	高原、冷冽、通透	真正薰衣草、檀香、雪松、茶树、尤加利	针叶类通常清爽提神，外用仍要注意浓度，婴幼儿与癫痫人群避免高浓度吸入。；刺激性；高血压慎用	适合作为 Conifer 类入门卡；建议后续补充 GC/MS、安全证据与品牌层来源。
OIL270	拟地海椒麻黄	Gerardiana Ephedra	Ephedra gerardiana	Conifer	高山冷冽	草质茎	蒸汽蒸馏	高山、冷冽、通透	甜橙、乳香、佛手柑、天竺葵、薄荷	针叶类通常清爽提神，外用仍要注意浓度，婴幼儿与癫痫人群避免高浓度吸入。；刺激性；高血压慎用	适合作为 Conifer 类入门卡；建议后续补充 GC/MS、安全证据与品牌层来源。
OIL271	橡苔	Oakmoss	Evernia prunastri	Moss	湿润地衣	地衣	溶剂/CO2	湿润、泥土、复古	真正薰衣草、檀香、雪松、茶树、尤加利	地衣类常有独特的森林土质感，外用需确认是否易敏感。；致敏风险	适合作为 Moss 类入门卡；建议后续补充 GC/MS、安全证据与品牌层来源。
OIL272	树苔	Treemoss	Pseudevernia furfuracea	Moss	干燥地衣	地衣	溶剂/CO2	干燥、烟感、深沉	甜橙、乳香、佛手柑、天竺葵、薄荷	地衣类常有独特的森林土质感，外用需确认是否易敏感。；致敏风险	适合作为 Moss 类入门卡；建议后续补充 GC/MS、安全证据与品牌层来源。
OIL273	松萝	Usnea	Usnea barbata	Moss	冷冽地衣	地衣	溶剂/CO2	冷冽、高山、清苦	真正薰衣草、檀香、雪松、茶树、尤加利	地衣类常有独特的森林土质感，外用需确认是否易敏感。	适合作为 Moss 类入门卡；建议后续补充 GC/MS、安全证据与品牌层来源。
OIL274	石蕊	Reindeer Lichen	Cladonia rangiferina	Moss	苔原干香	地衣	溶剂/CO2	苔原、干香、通透	甜橙、乳香、佛手柑、天竺葵、薄荷	地衣类常有独特的森林土质感，外用需确认是否易敏感。	适合作为 Moss 类入门卡；建议后续补充 GC/MS、安全证据与品牌层来源。
OIL275	地衣苔	Iceland Moss	Cetraria islandica	Moss	清苦地衣	地衣	溶剂/CO2	清苦、冷峻、安定	真正薰衣草、檀香、雪松、茶树、尤加利	地衣类常有独特的森林土质感，外用需确认是否易敏感。	适合作为 Moss 类入门卡；建议后续补充 GC/MS、安全证据与品牌层来源。
OIL276	岩衣	Rock Lichen	Umbilicaria esculenta	Moss	深岩干香	地衣	溶剂/CO2	深岩、干香、安定	甜橙、乳香、佛手柑、天竺葵、薄荷	地衣类常有独特的森林土质感，外用需确认是否易敏感。	适合作为 Moss 类入门卡；建议后续补充 GC/MS、安全证据与品牌层来源。
OIL277	梅衣	Parmelia	Parmelia sulcata	Moss	湿润地衣	地衣	溶剂/CO2	湿润、森林、安定	真正薰衣草、檀香、雪松、茶树、尤加利	地衣类常有独特的森林土质感，外用需确认是否易敏感。	适合作为 Moss 类入门卡；建议后续补充 GC/MS、安全证据与品牌层来源。
OIL278	黄粉衣	Chrysothrix	Chrysothrix chlorina	Moss	干暖地衣	地衣	溶剂/CO2	干暖、粉感、复古	甜橙、乳香、佛手柑、天竺葵、薄荷	地衣类常有独特的森林土质感，外用需确认是否易敏感。	适合作为 Moss 类入门卡；建议后续补充 GC/MS、安全证据与品牌层来源。
OIL279	文字苔	Graphis	Graphis scripta	Moss	清苦树皮	地衣	溶剂/CO2	清苦、古木、安定	真正薰衣草、檀香、雪松、茶树、尤加利	地衣类常有独特的森林土质感，外用需确认是否易敏感。	适合作为 Moss 类入门卡；建议后续补充 GC/MS、安全证据与品牌层来源。
OIL280	蜈蚣苔	Physcia	Physcia stellaris	Moss	干燥地衣	地衣	溶剂/CO2	干燥、草本、通透	甜橙、乳香、佛手柑、天竺葵、薄荷	地衣类常有独特的森林土质感，外用需确认是否易敏感。	适合作为 Moss 类入门卡；建议后续补充 GC/MS、安全证据与品牌层来源。
OIL281	黑莓	Blackberry	Rubus fruticosus	Berry	甜酸浆果	果实	溶剂/CO2	甜酸、多汁、饱满	真正薰衣草、檀香、雪松、茶树、尤加利	浆果类通常干净透亮，部分品种外用仍需低剂量测试。	适合作为 Berry 类入门卡；建议后续补充 GC/MS、安全证据与品牌层来源。
OIL282	覆盆子	Raspberry	Rubus idaeus	Berry	清甜浆果	果实	溶剂/CO2	清甜、水润、轻快	甜橙、乳香、佛手柑、天竺葵、薄荷	浆果类通常干净透亮，部分品种外用仍需低剂量测试。	适合作为 Berry 类入门卡；建议后续补充 GC/MS、安全证据与品牌层来源。
OIL283	蓝莓	Blueberry	Vaccinium corymbosum	Berry	深甜浆果	果实	溶剂/CO2	深甜、圆润、饱满	真正薰衣草、檀香、雪松、茶树、尤加利	浆果类通常干净透亮，部分品种外用仍需低剂量测试。	适合作为 Berry 类入门卡；建议后续补充 GC/MS、安全证据与品牌层来源。
OIL284	越橘	Lingonberry	Vaccinium vitis-idaea	Berry	酸爽浆果	果实	溶剂/CO2	酸爽、清冽、通透	甜橙、乳香、佛手柑、天竺葵、薄荷	浆果类通常干净透亮，部分品种外用仍需低剂量测试。	适合作为 Berry 类入门卡；建议后续补充 GC/MS、安全证据与品牌层来源。
OIL285	蔓越莓	Cranberry	Vaccinium macrocarpon	Berry	鲜酸浆果	果实	溶剂/CO2	鲜酸、清脆、明亮	真正薰衣草、檀香、雪松、茶树、尤加利	浆果类通常干净透亮，部分品种外用仍需低剂量测试。	适合作为 Berry 类入门卡；建议后续补充 GC/MS、安全证据与品牌层来源。
OIL286	黑加仑	Blackcurrant	Ribes nigrum	Berry	浓郁浆果	芽/果实	溶剂/CO2	浓郁、绿意、通透	甜橙、乳香、佛手柑、天竺葵、薄荷	浆果类通常干净透亮，部分品种外用仍需低剂量测试。	适合作为 Berry 类入门卡；建议后续补充 GC/MS、安全证据与品牌层来源。
OIL287	红加仑	Redcurrant	Ribes rubrum	Berry	明快浆果	果实	溶剂/CO2	明快、酸甜、清爽	真正薰衣草、檀香、雪松、茶树、尤加利	浆果类通常干净透亮，部分品种外用仍需低剂量测试。	适合作为 Berry 类入门卡；建议后续补充 GC/MS、安全证据与品牌层来源。
OIL288	接骨木莓	Elderberry	Sambucus nigra	Berry	深沉浆果	果实	溶剂/CO2	深沉、草本、厚重	甜橙、乳香、佛手柑、天竺葵、薄荷	浆果类通常干净透亮，部分品种外用仍需低剂量测试。	适合作为 Berry 类入门卡；建议后续补充 GC/MS、安全证据与品牌层来源。
OIL289	沙棘	Sea Buckthorn	Hippophae rhamnoides	Berry	浓润浆果	果实/籽	CO2	浓润、酸甜、温暖	真正薰衣草、檀香、雪松、茶树、尤加利	浆果类通常干净透亮，部分品种外用仍需低剂量测试。	适合作为 Berry 类入门卡；建议后续补充 GC/MS、安全证据与品牌层来源。
OIL290	醋栗	Gooseberry	Ribes uva-crispa	Berry	清脆浆果	果实	溶剂/CO2	清脆、酸爽、轻快	甜橙、乳香、佛手柑、天竺葵、薄荷	浆果类通常干净透亮，部分品种外用仍需低剂量测试。	适合作为 Berry 类入门卡；建议后续补充 GC/MS、安全证据与品牌层来源。
OIL291	桑葚	Mulberry	Morus alba	Berry	甜润浆果	果实	溶剂/CO2	甜润、温和、饱满	真正薰衣草、檀香、雪松、茶树、尤加利	浆果类通常干净透亮，部分品种外用仍需低剂量测试。	适合作为 Berry 类入门卡；建议后续补充 GC/MS、安全证据与品牌层来源。
OIL292	枸杞	Goji Berry	Lycium barbarum	Berry	温润果香	果实	溶剂/CO2	温润、甘甜、厚重	甜橙、乳香、佛手柑、天竺葵、薄荷	浆果类通常干净透亮，部分品种外用仍需低剂量测试。	适合作为 Berry 类入门卡；建议后续补充 GC/MS、安全证据与品牌层来源。
OIL293	山楂	Hawthorn	Crataegus pinnatifida	Berry	酸甜果香	果实	溶剂/CO2	酸甜、清爽、通透	真正薰衣草、檀香、雪松、茶树、尤加利	浆果类通常干净透亮，部分品种外用仍需低剂量测试。	适合作为 Berry 类入门卡；建议后续补充 GC/MS、安全证据与品牌层来源。
OIL294	野樱莓	Aronia	Aronia melanocarpa	Berry	深沉酸涩	果实	溶剂/CO2	深沉、酸涩、厚重	甜橙、乳香、佛手柑、天竺葵、薄荷	浆果类通常干净透亮，部分品种外用仍需低剂量测试。	适合作为 Berry 类入门卡；建议后续补充 GC/MS、安全证据与品牌层来源。
OIL295	树莓叶	Raspberry Leaf	Rubus idaeus	Leaf	清苦绿叶	叶	蒸汽蒸馏	清苦、草本、通透	真正薰衣草、檀香、雪松、茶树、尤加利	叶类通常清新易闻，外用前先做低剂量测试更稳妥。	适合作为 Leaf 类入门卡；建议后续补充 GC/MS、安全证据与品牌层来源。
OIL296	黑莓叶	Blackberry Leaf	Rubus fruticosus	Leaf	草本绿叶	叶	蒸汽蒸馏	草本、清新、通透	甜橙、乳香、佛手柑、天竺葵、薄荷	叶类通常清新易闻，外用前先做低剂量测试更稳妥。	适合作为 Leaf 类入门卡；建议后续补充 GC/MS、安全证据与品牌层来源。
OIL297	草莓叶	Wild Strawberry Leaf	Fragaria vesca	Leaf	清润绿叶	叶	蒸汽蒸馏	清润、草本、柔和	真正薰衣草、檀香、雪松、茶树、尤加利	叶类通常清新易闻，外用前先做低剂量测试更稳妥。	适合作为 Leaf 类入门卡；建议后续补充 GC/MS、安全证据与品牌层来源。
OIL298	醋栗叶	Blackcurrant Leaf	Ribes nigrum	Leaf	绿意青芽	芽/叶	溶剂/CO2	绿意、酸甜、通透	甜橙、乳香、佛手柑、天竺葵、薄荷	叶类通常清新易闻，外用前先做低剂量测试更稳妥。	适合作为 Leaf 类入门卡；建议后续补充 GC/MS、安全证据与品牌层来源。
OIL299	接骨木花	Elderflower	Sambucus nigra	Floral	清甜白花	花朵	溶剂/CO2	清甜、蜜润、通透	真正薰衣草、檀香、雪松、茶树、尤加利	花香类往往更适合低剂量、慢慢闻，避免叠加过浓。	适合作为 Floral 类入门卡；建议后续补充 GC/MS、安全证据与品牌层来源。
OIL300	山茱萸	Cornelian Cherry	Cornus mas	Berry	酸润果香	果实	溶剂/CO2	酸润、温和、饱满	甜橙、乳香、佛手柑、天竺葵、薄荷	浆果类通常干净透亮，部分品种外用仍需低剂量测试。	适合作为 Berry 类入门卡；建议后续补充 GC/MS、安全证据与品牌层来源。
OIL301	欧洲蓝莓	Bilberry	Vaccinium myrtillus	Berry	清酸浆果	果实	溶剂/CO2	清酸、冷冽、通透	真正薰衣草、檀香、雪松、茶树、尤加利	浆果类通常干净透亮，部分品种外用仍需低剂量测试。	适合作为 Berry 类入门卡；建议后续补充 GC/MS、安全证据与品牌层来源。
OIL302	稠李	Bird Cherry	Prunus padus	Berry	苦香浆果	果实/花	蒸汽蒸馏	苦香、木质、含蓄	甜橙、乳香、佛手柑、天竺葵、薄荷	浆果类通常干净透亮，部分品种外用仍需低剂量测试。	适合作为 Berry 类入门卡；建议后续补充 GC/MS、安全证据与品牌层来源。
OIL303	刺梨	Cili Fruit	Rosa roxburghii	Fruit	酸甜果香	果实	CO2	酸甜、多汁、饱满	真正薰衣草、檀香、雪松、茶树、尤加利	果实类通常干净透亮，部分品种外用仍需低剂量测试。	适合作为 Fruit 类入门卡；建议后续补充 GC/MS、安全证据与品牌层来源。
OIL304	余甘子	Amla	Phyllanthus emblica	Fruit	清酸甘甜	果实	CO2	清酸、回甘、通透	甜橙、乳香、佛手柑、天竺葵、薄荷	果实类通常干净透亮，部分品种外用仍需低剂量测试。	适合作为 Fruit 类入门卡；建议后续补充 GC/MS、安全证据与品牌层来源。
OIL305	火棘	Firethorn	Pyracantha fortuneana	Berry	酸涩浆果	果实	溶剂/CO2	酸涩、厚重、温暖	真正薰衣草、檀香、雪松、茶树、尤加利	浆果类通常干净透亮，部分品种外用仍需低剂量测试。	适合作为 Berry 类入门卡；建议后续补充 GC/MS、安全证据与品牌层来源。
OIL306	黑果花楸	Black Chokeberry	Aronia prunifolia	Berry	深沉浆果	果实	溶剂/CO2	深沉、酸涩、厚重	甜橙、乳香、佛手柑、天竺葵、薄荷	浆果类通常干净透亮，部分品种外用仍需低剂量测试。	适合作为 Berry 类入门卡；建议后续补充 GC/MS、安全证据与品牌层来源。
OIL307	蓝靛果	Blue Honeysuckle	Lonicera caerulea	Berry	酸甜深蓝	果实	溶剂/CO2	酸甜、冷冽、通透	真正薰衣草、檀香、雪松、茶树、尤加利	浆果类通常干净透亮，部分品种外用仍需低剂量测试。	适合作为 Berry 类入门卡；建议后续补充 GC/MS、安全证据与品牌层来源。
OIL308	红豆杉果	Yew Berry	Taxus baccata	Berry	清苦浆果	假种皮	CO2	清苦、冷峻、安定	甜橙、乳香、佛手柑、天竺葵、薄荷	浆果类通常干净透亮，部分品种外用仍需低剂量测试。；毒性风险	适合作为 Berry 类入门卡；建议后续补充 GC/MS、安全证据与品牌层来源。
OIL309	石楠果	Photinia Berry	Photinia serratifolia	Berry	清苦浆果	果实	溶剂/CO2	清苦、草本、安定	真正薰衣草、檀香、雪松、茶树、尤加利	浆果类通常干净透亮，部分品种外用仍需低剂量测试。	适合作为 Berry 类入门卡；建议后续补充 GC/MS、安全证据与品牌层来源。
OIL310	栒子	Cotoneaster	Cotoneaster horizontalis	Berry	干酸浆果	果实	溶剂/CO2	干酸、温和、通透	甜橙、乳香、佛手柑、天竺葵、薄荷	浆果类通常干净透亮，部分品种外用仍需低剂量测试。	适合作为 Berry 类入门卡；建议后续补充 GC/MS、安全证据与品牌层来源。
OIL311	海棠果	Crabapple	Malus spectabilis	Fruit	酸甜果香	果实	溶剂/CO2	酸甜、轻快、通透	真正薰衣草、檀香、雪松、茶树、尤加利	果实类通常干净透亮，部分品种外用仍需低剂量测试。	适合作为 Fruit 类入门卡；建议后续补充 GC/MS、安全证据与品牌层来源。
OIL312	木瓜海棠	Flowering Quince	Chaenomeles speciosa	Fruit	清酸木瓜	果实	CO2	清酸、果香、通透	甜橙、乳香、佛手柑、天竺葵、薄荷	果实类通常干净透亮，部分品种外用仍需低剂量测试。	适合作为 Fruit 类入门卡；建议后续补充 GC/MS、安全证据与品牌层来源。
OIL313	欧李	Chinese Dwarf Cherry	Prunus humilis	Berry	清甜浆果	果实	溶剂/CO2	清甜、柔和、轻快	真正薰衣草、檀香、雪松、茶树、尤加利	浆果类通常干净透亮，部分品种外用仍需低剂量测试。	适合作为 Berry 类入门卡；建议后续补充 GC/MS、安全证据与品牌层来源。
OIL314	郁李	Chinese Bush Cherry	Prunus japonica	Berry	酸润浆果	果实	溶剂/CO2	酸润、含蓄、通透	甜橙、乳香、佛手柑、天竺葵、薄荷	浆果类通常干净透亮，部分品种外用仍需低剂量测试。	适合作为 Berry 类入门卡；建议后续补充 GC/MS、安全证据与品牌层来源。
OIL315	毛樱桃	Nanking Cherry	Prunus tomentosa	Berry	甜润浆果	果实	溶剂/CO2	甜润、柔和、饱满	真正薰衣草、檀香、雪松、茶树、尤加利	浆果类通常干净透亮，部分品种外用仍需低剂量测试。	适合作为 Berry 类入门卡；建议后续补充 GC/MS、安全证据与品牌层来源。
OIL316	麦冬果	Ophiopogon Berry	Ophiopogon japonicus	Berry	清润浆果	果实	溶剂/CO2	清润、水感、安定	甜橙、乳香、佛手柑、天竺葵、薄荷	浆果类通常干净透亮，部分品种外用仍需低剂量测试。	适合作为 Berry 类入门卡；建议后续补充 GC/MS、安全证据与品牌层来源。
OIL317	吉祥草果	Reineckea Berry	Reineckea carnea	Berry	深沉浆果	果实	溶剂/CO2	深沉、草本、安定	真正薰衣草、檀香、雪松、茶树、尤加利	浆果类通常干净透亮，部分品种外用仍需低剂量测试。	适合作为 Berry 类入门卡；建议后续补充 GC/MS、安全证据与品牌层来源。
OIL318	万年青果	Rohdea Berry	Rohdea japonica	Berry	厚重浆果	果实	溶剂/CO2	厚重、苦感、安定	甜橙、乳香、佛手柑、天竺葵、薄荷	浆果类通常干净透亮，部分品种外用仍需低剂量测试。；毒性风险	适合作为 Berry 类入门卡；建议后续补充 GC/MS、安全证据与品牌层来源。
OIL319	天门冬果	Asparagus Berry	Asparagus cochinchinensis	Berry	清润浆果	果实	溶剂/CO2	清润、水感、柔和	真正薰衣草、檀香、雪松、茶树、尤加利	浆果类通常干净透亮，部分品种外用仍需低剂量测试。	适合作为 Berry 类入门卡；建议后续补充 GC/MS、安全证据与品牌层来源。
OIL320	黄精果	Polygonatum Berry	Polygonatum sibiricum	Berry	温润浆果	果实	溶剂/CO2	温润、甘甜、安定	甜橙、乳香、佛手柑、天竺葵、薄荷	浆果类通常干净透亮，部分品种外用仍需低剂量测试。	适合作为 Berry 类入门卡；建议后续补充 GC/MS、安全证据与品牌层来源。
OIL321	玉竹果	Solomon's Seal Berry	Polygonatum odoratum	Berry	柔和浆果	果实	溶剂/CO2	柔和、甘淡、安定	真正薰衣草、檀香、雪松、茶树、尤加利	浆果类通常干净透亮，部分品种外用仍需低剂量测试。	适合作为 Berry 类入门卡；建议后续补充 GC/MS、安全证据与品牌层来源。
OIL322	铃兰果	Lily of Valley Berry	Convallaria majalis	Berry	清苦浆果	果实	溶剂/CO2	清苦、含蓄、安定	甜橙、乳香、佛手柑、天竺葵、薄荷	浆果类通常干净透亮，部分品种外用仍需低剂量测试。；毒性风险	适合作为 Berry 类入门卡；建议后续补充 GC/MS、安全证据与品牌层来源。
OIL323	重楼果	Paris Berry	Paris polyphylla	Berry	深沉苦浆	果实	溶剂/CO2	深沉、苦感、安定	真正薰衣草、檀香、雪松、茶树、尤加利	浆果类通常干净透亮，部分品种外用仍需低剂量测试。；毒性风险	适合作为 Berry 类入门卡；建议后续补充 GC/MS、安全证据与品牌层来源。
OIL324	七叶一枝花果	Paris Polyphylla Berry	Paris polyphylla var. chinensis	Berry	苦寒浆果	果实	溶剂/CO2	苦寒、厚重、安定	甜橙、乳香、佛手柑、天竺葵、薄荷	浆果类通常干净透亮，部分品种外用仍需低剂量测试。；毒性风险	适合作为 Berry 类入门卡；建议后续补充 GC/MS、安全证据与品牌层来源。
OIL325	开口箭果	Tupistra Berry	Campylandra chinensis	Berry	厚重浆果	果实	溶剂/CO2	厚重、草本、安定	真正薰衣草、檀香、雪松、茶树、尤加利	浆果类通常干净透亮，部分品种外用仍需低剂量测试。	适合作为 Berry 类入门卡；建议后续补充 GC/MS、安全证据与品牌层来源。
OIL326	蜘蛛抱蛋果	Cast Iron Berry	Aspidistra elatior	Berry	深沉干浆	果实	溶剂/CO2	深沉、土感、安定	甜橙、乳香、佛手柑、天竺葵、薄荷	浆果类通常干净透亮，部分品种外用仍需低剂量测试。	适合作为 Berry 类入门卡；建议后续补充 GC/MS、安全证据与品牌层来源。
OIL327	核桃	Walnut	Juglans regia	Nut	干香坚果	种仁	浸泡	干香、温暖、包裹	真正薰衣草、檀香、雪松、茶树、尤加利	坚果/种子油类性质较温和，但坚果过敏人群仍需留意。	适合作为 Nut 类入门卡；建议后续补充 GC/MS、安全证据与品牌层来源。
OIL328	山核桃	Pecan	Carya illinoinensis	Nut	温润坚果	种仁	浸泡	温润、奶油感、温暖	甜橙、乳香、佛手柑、天竺葵、薄荷	坚果/种子油类性质较温和，但坚果过敏人群仍需留意。	适合作为 Nut 类入门卡；建议后续补充 GC/MS、安全证据与品牌层来源。
OIL329	榛子	Hazelnut	Corylus avellana	Nut	香脆坚果	种仁	冷压	香脆、轻盈、柔和	真正薰衣草、檀香、雪松、茶树、尤加利	坚果/种子油类性质较温和，但坚果过敏人群仍需留意。	适合作为 Nut 类入门卡；建议后续补充 GC/MS、安全证据与品牌层来源。
UNIO001	UNIO · 晨光清露	UNIO Morning Dew	UNIO Morning Dew Formula	UNIO·复方	晨光清露	复方调配	复方调配	明亮、醒神、朝气、晨间仪式	元系列柑橘、白千层、迷迭香	复方精油需按推荐场景与浓度使用。	UNIO 核心复方系列
UNIO002	UNIO · 林间深呼吸	UNIO Forest Breathe	UNIO Forest Breathe Formula	UNIO·复方	林间深呼吸	复方调配	复方调配	通透、森林感、宣肺、冥想呼吸	黑云杉、冷杉、乳香、雪松	复方精油需按推荐场景与浓度使用。	UNIO 核心复方系列
UNIO003	UNIO · 晚安澄静	UNIO Night Serenity	UNIO Night Serenity Formula	UNIO·复方	晚安澄静	复方调配	复方调配	安宁、助眠、沉静、睡前仪式	真正薰衣草、罗马洋甘菊、檀香	复方精油需按推荐场景与浓度使用。	UNIO 核心复方系列
UNIO004	UNIO · 归心定志	UNIO Mind Grounding	UNIO Mind Grounding Formula	UNIO·复方	归心定志	复方调配	复方调配	定力、扎根、稳重、静心凝神	乳香、没药、广藿香、岩兰草	复方精油需按推荐场景与浓度使用。	UNIO 核心复方系列
UNIO005	UNIO · 悦心欢喜	UNIO Joyful Radiance	UNIO Joyful Radiance Formula	UNIO·复方	悦心欢喜	复方调配	复方调配	愉悦、暖心、开怀、聚会空间	甜橙、大马士革玫瑰、佛手柑	复方精油需按推荐场景与浓度使用。	UNIO 核心复方系列
UNIO006	UNIO · 净界空间喷雾	UNIO Space Purifying Mist	UNIO Space Purifying Blend	UNIO·空间	净界空间喷雾	空间喷雾	空间配方	净澈、清新、除秽、环境调理	茶树、尤加利、柠檬草、绿薄荷	避免直接喷射眼睛与面部黏膜。	UNIO 空间调香系列
UNIO007	UNIO · 玫瑰纯露 (保加利亚)	UNIO Bulgarian Rose Hydrosol	Rosa damascena Hydrosol	UNIO·纯露	玫瑰纯露	花瓣蒸馏液	蒸馏纯露	水润、舒缓、修护、日常湿敷	荷荷巴油、玫瑰果油、芦荟胶	纯露开封后建议冷藏并在 6 个月内用完。	UNIO 纯露系列
UNIO008	UNIO · 罗马洋甘菊纯露	UNIO Chamomile Hydrosol	Chamaemelum nobile Hydrosol	UNIO·纯露	洋甘菊纯露	花朵蒸馏液	蒸馏纯露	安抚、温和、退红、敏感肌友好	甜杏仁油、金盏花浸泡油	纯露开封后建议冷藏并在 6 个月内用完。	UNIO 纯露系列
UNIO009	UNIO · 橙花纯露 (摩洛哥)	UNIO Neroli Hydrosol	Citrus aurantium Hydrosol	UNIO·纯露	橙花纯露	花朵蒸馏液	蒸馏纯露	控油、亮肤、清雅、提振气色	摩洛哥坚果油、葡萄籽油	纯露开封后建议冷藏并在 6 个月内用完。	UNIO 纯露系列
UNIO010	UNIO · 真正薰衣草纯露	UNIO Lavender Hydrosol	Lavandula angustifolia Hydrosol	UNIO·纯露	薰衣草纯露	花穗蒸馏液	蒸馏纯露	平衡水油、净痘、舒缓、晒后修护	荷荷巴油、茶树精油	纯露开封后建议冷藏并在 6 个月内用完。	UNIO 纯露系列
UNIO011	UNIO · 茶树纯露	UNIO Tea Tree Hydrosol	Melaleuca alternifolia Hydrosol	UNIO·纯露	茶树纯露	叶片蒸馏液	蒸馏纯露	净痘、清爽、收敛、油皮清洁	琼崖海棠油、薰衣草纯露	纯露开封后建议冷藏并在 6 个月内用完。	UNIO 纯露系列
UNIO012	UNIO · 黄金荷荷巴基底油	UNIO Golden Jojoba Carrier Oil	Simmondsia chinensis	Nut	金黄滋养	冷压种子油	冷压基础油	亲肤、平衡水油、极佳延展、万能载体	各类单方精油（1%~3% 稀释）	冷压植物油需避光阴凉保存。	UNIO 专业基底油系列
UNIO013	UNIO · 甜杏仁基底油	UNIO Sweet Almond Carrier Oil	Prunus dulcis	Nut	柔滑轻盈	冷压种仁油	冷压基础油	温和、易吸收、婴幼母婴友好、身体按摩	真正薰衣草、甜橙、罗马洋甘菊	坚果过敏人群慎用。	UNIO 专业基底油系列
UNIO014	UNIO · 玫瑰果修护基底油	UNIO Rosehip Seed Oil	Rosa rubiginosa	Fruit	深层修护	冷压果籽油	冷压基础油	抗氧、淡纹、促愈、面部高定精华油	乳香、永久花、大马士革玫瑰	多不饱和脂肪酸丰富，建议开封后尽快使用。	UNIO 专业基底油系列
UNIO015	UNIO · 琼崖海棠净瑕基底油	UNIO Tamanu Carrier Oil	Calophyllum inophyllum	Nut	坚韧修护	冷压坚果油	冷压基础油	修护受损、净瑕屏障、天然厚重质感	茶树、薰衣草、没药	质地浓稠，可与荷荷巴油按 1:4 调配使用。	UNIO 专业基底油系列
UNIO016	UNIO · 极简冷香仪 (无水扩香)	UNIO Pure Nebulizer	Cold Air Diffusion Apparatus	器具	冷香扩散	仪器设备	无水微孔雾化	纯精油直出、免加热、保留完整分子活性	单方精油、UNIO复方精油	使用纯精油雾化，定期用酒精清洗喷嘴。	UNIO 专业香氛器具
UNIO017	UNIO · 静息超声波香薰机	UNIO Ultrasonic Aroma Diffuser	Ultrasonic Wave Diffuser	器具	超声水雾	仪器设备	超声波高频震荡	水雾细腻、氛围柔光、静音助眠、20~40m²	单方精油 (3~5滴)、UNIO复方精油	建议使用纯净水，避免精油残留沉淀。	UNIO 专业香氛器具
UNIO018	UNIO · 玄武黑陶扩香石伴侣	UNIO Basalt Stone Diffuser	Porous Ceramic Aroma Stone	器具	天然陶石	器具载体	高密度微孔陶石	随身扩香、桌面呼吸、零能耗、纯粹气味	各类单方精油 (2~3滴局部点滴)	更换不同调性精油前可用温水冲洗晾干。	UNIO 专业香氛器具
OIL330	甜橙油	Sweet Orange Oil	Citrus sinensis	Citrus	甜美柑橘	果皮	冷压	甜美、明亮、元系列	柠檬、乳香、雪松	常见果皮类品种要留意光毒性，外用后尽量避免日晒。	元系列SKU Y-S-064｜¥158/5ml｜产地意大利
OIL331	甜橙油(有机)	Organic Sweet Orange Oil	Citrus sinensis	Citrus	有机甜美柑橘	果皮	冷压	有机、甜润、元系列	肉桂叶、乳香、薰衣草	常见果皮类品种要留意光毒性，外用后尽量避免日晒。	元系列SKU Y-S-065｜¥158/5ml｜产地墨西哥
OIL332	柠檬油(有机)	Organic Lemon Oil	Citrus limon	Citrus	有机明亮柑橘	果皮	冷压	有机、清爽、元系列	甜橙、薰衣草、乳香	常见果皮类品种要留意光毒性，外用后尽量避免日晒。；光毒性	元系列SKU Y-S-066｜¥98/5ml｜产地意大利
OIL333	佛手柑油(有机)	Organic Bergamot Oil	Citrus bergamia	Citrus	有机优雅柑橘	果皮	冷压	有机、优雅、元系列	薰衣草、雪松、甜橙	常见果皮类品种要留意光毒性，外用后尽量避免日晒。；光毒性	元系列SKU Y-S-067｜¥158/5ml｜产地意大利
OIL334	葡萄柚油	Grapefruit Oil	Citrus × paradisi	Citrus	轻快柑橘	果皮	冷压	轻快、清爽、元系列	薄荷、甜橙、乳香	常见果皮类品种要留意光毒性，外用后尽量避免日晒。；光毒性	元系列SKU Y-S-068｜¥138/5ml｜产地南非
OIL335	红桔油(有机)	Organic Red Mandarin Oil	Citrus reticulata	Citrus	有机红桔	果皮	冷压	有机、圆润、元系列	甜橙、罗马洋甘菊、乳香	常见果皮类品种要留意光毒性，外用后尽量避免日晒。	元系列SKU Y-B-004｜¥138/10ml｜产地中国
OIL336	葡萄柚油(有机)	Organic Grapefruit Oil	Citrus × paradisi	Citrus	有机葡萄柚	果皮	冷压	有机、清爽、元系列	薄荷、乳香、雪松	常见果皮类品种要留意光毒性，外用后尽量避免日晒。；光毒性	元系列SKU Y-B-005｜¥108/100ml｜产地美国
OIL337	苦橙油	Bitter Orange Oil	Citrus aurantium	Citrus	苦甜柑橘	果皮	冷压	苦甜、层次、元系列	薰衣草、乳香、甜橙	常见果皮类品种要留意光毒性，外用后尽量避免日晒。；光毒性	元系列SKU Y-H-098｜¥148/10ml｜产地意大利
OIL338	苦橙叶油	Petitgrain Oil	Citrus aurantium	Citrus	绿意苦橙	叶/嫩枝	蒸汽蒸馏	绿意、平衡、元系列	薰衣草、雪松、橙花	常见果皮类品种要留意光毒性，外用后尽量避免日晒。	元系列SKU Y-H-099｜¥158/10ml｜产地巴拉圭
OIL339	苦橙叶油(有机)	Organic Petitgrain Oil	Citrus aurantium	Citrus	有机苦橙叶	叶/嫩枝	蒸汽蒸馏	有机、绿意、元系列	雪松、橙花、乳香	常见果皮类品种要留意光毒性，外用后尽量避免日晒。	元系列SKU Y-S-063｜¥158/5ml｜产地巴拉圭
OIL340	真正薰衣草油(有机)	Organic True Lavender Oil	Lavandula angustifolia	Floral	有机高地薰衣草	花穗	蒸汽蒸馏	有机、高地、安定、元系列	甜橙、乳香、雪松	花香类往往更适合低剂量、慢慢闻。	元系列SKU Y-M-047｜¥158/5ml｜产地法国普罗旺斯
OIL341	高地真正薰衣草油	Alpine True Lavender Oil	Lavandula angustifolia	Floral	高地薰衣草	花穗	蒸汽蒸馏	高地、柔和、元系列	佛手柑、檀香、乳香	花香类往往更适合低剂量、慢慢闻。	元系列SKU Y-M-054｜¥158/5ml｜产地法国
OIL342	天竺葵油(有机)	Organic Geranium Oil	Pelargonium graveolens	Floral	有机波旁天竺葵	叶/花	蒸汽蒸馏	有机、平衡、元系列	玫瑰、薰衣草、佛手柑	花香类往往更适合低剂量、慢慢闻。	元系列SKU Y-M-044｜¥188/5ml｜产地埃及
OIL343	波旁天竺葵油	Bourbon Geranium Oil	Pelargonium graveolens cv. Bourbon	Floral	波旁天竺葵	叶/花	蒸汽蒸馏	波旁、蜜润、元系列	檀香、乳香、玫瑰	花香类往往更适合低剂量、慢慢闻。	元系列SKU Y-M-046｜¥188/5ml｜产地埃及
OIL344	天竺葵油	Geranium Oil	Pelargonium graveolens	Floral	清润天竺葵	叶/花	蒸汽蒸馏	清润、平衡、元系列	薰衣草、佛手柑、檀香	花香类往往更适合低剂量、慢慢闻。	元系列SKU Y-H-073｜¥158/10ml｜产地中国
OIL345	依兰依兰油(特级)	Ylang Ylang Extra Oil	Cananga odorata	Floral	特级依兰	花朵	蒸汽蒸馏	特级、浓郁、异域、元系列	佛手柑、檀香、茉莉	花香类往往更适合低剂量、慢慢闻。	元系列SKU Y-J-007｜¥158/5ml｜产地马达加斯加
OIL346	依兰依兰油(完全)	Ylang Ylang Complete Oil	Cananga odorata	Floral	完全依兰	花朵	蒸汽蒸馏	完全、醇厚、元系列	佛手柑、乳香、檀香	花香类往往更适合低剂量、慢慢闻。	元系列SKU Y-J-015｜¥358/5ml｜产地马达加斯加
OIL347	依兰依兰油(一级)	Ylang Ylang I Oil	Cananga odorata	Floral	一级依兰	花朵	蒸汽蒸馏	一级、甜润、元系列	檀香、茉莉、佛手柑	花香类往往更适合低剂量、慢慢闻。	元系列SKU Y-J-020｜¥218/5ml｜产地马达加斯加
OIL348	依兰依兰油(二级)	Ylang Ylang II Oil	Cananga odorata	Floral	二级依兰	花朵	蒸汽蒸馏	二级、花香、元系列	乳香、佛手柑、檀香	花香类往往更适合低剂量、慢慢闻。	元系列SKU Y-J-023｜¥258/5ml｜产地马达加斯加
OIL349	依兰依兰油(三级)	Ylang Ylang III Oil	Cananga odorata	Floral	三级依兰	花朵	蒸汽蒸馏	三级、木质白花、元系列	檀香、雪松、乳香	花香类往往更适合低剂量、慢慢闻。	元系列SKU Y-H-070｜¥238/10ml｜产地马达加斯加
OIL350	大花茉莉油(有机)	Organic Grandiflorum Jasmine Oil	Jasminum grandiflorum	Floral	有机大花茉莉	花朵	溶剂/CO2	有机、深邃、元系列	橙花、檀香、玫瑰	花香类往往更适合低剂量、慢慢闻。	元系列SKU Y-J-013｜¥858/5ml｜产地印度
OIL351	大花茉莉油	Grandiflorum Jasmine Oil	Jasminum grandiflorum	Floral	大花茉莉	花朵	溶剂/CO2	深邃、迷人、元系列	橙花、檀香、乳香	花香类往往更适合低剂量、慢慢闻。	元系列SKU Y-H-071｜¥858/5ml｜产地印度
OIL352	大马士革玫瑰油(有机)	Organic Damask Rose Oil	Rosa × damascena	Floral	有机大马士革玫瑰	花朵	蒸汽蒸馏	有机、奢华、元系列	檀香、橙花、天竺葵	花香类往往更适合低剂量、慢慢闻。	元系列SKU Y-H-069｜¥1358/5ml｜产地保加利亚
OIL353	永久花油(有机)	Organic Immortelle Oil	Helichrysum italicum	Floral	有机永久花	花/叶	蒸汽蒸馏	有机、蜜甜、修护、元系列	甜橙、乳香、佛手柑	花香类往往更适合低剂量、慢慢闻。	元系列SKU Y-J-014｜¥958/5ml｜产地法国科西嘉
OIL354	永久花油	Immortelle Oil	Helichrysum italicum	Floral	科西嘉永久花	花/叶	蒸汽蒸馏	蜜甜、草木、元系列	乳香、天竺葵、檀香	花香类往往更适合低剂量、慢慢闻。	元系列SKU Y-J-016｜¥958/5ml｜产地克罗地亚
OIL355	快乐鼠尾草油(有机)	Organic Clary Sage Oil	Salvia sclarea	Herbaceous	有机快乐鼠尾草	花穗/叶	蒸汽蒸馏	有机、柔和、放松、元系列	薰衣草、天竺葵、佛手柑	草本类里有些品种刺激性更强，外用务必先做低剂量测试。	元系列SKU Y-M-041｜¥188/5ml｜产地东欧
OIL356	快乐鼠尾草油	Clary Sage Oil	Salvia sclarea	Herbaceous	快乐鼠尾草	花穗/叶	蒸汽蒸馏	草本、微甜、元系列	柠檬、雪松、薰衣草	草本类里有些品种刺激性更强，外用务必先做低剂量测试。	元系列SKU Y-M-045｜¥188/5ml｜产地南非
OIL357	欧薄荷油(有机)	Organic Peppermint Oil	Mentha × piperita	Mint	有机胡椒薄荷	叶	蒸汽蒸馏	有机、清凉、醒脑、元系列	柠檬、薰衣草、尤加利	薄荷类对婴幼儿和敏感人群要谨慎，避免过强刺激。；幼儿慎用	元系列SKU Y-J-004｜¥118/10ml｜产地阿尔巴尼亚
OIL358	茶树油(有机)	Organic Tea Tree Oil	Melaleuca alternifolia	Herbaceous	有机茶树	叶	蒸汽蒸馏	有机、清洁、穿透、元系列	薰衣草、柠檬、尤加利	草本类里有些品种刺激性更强，外用务必先做低剂量测试。	元系列SKU Y-J-003｜¥138/10ml｜产地澳大利亚
OIL359	茶树油	Tea Tree Oil	Melaleuca alternifolia	Herbaceous	澳洲茶树	叶	蒸汽蒸馏	清洁、实用、元系列	尤加利、雪松、薰衣草	草本类里有些品种刺激性更强，外用务必先做低剂量测试。	元系列SKU Y-M-029｜¥188/5ml｜产地澳洲
OIL360	茶树油(特级)	Premium Tea Tree Oil	Melaleuca alternifolia	Herbaceous	特级澳洲茶树	叶	蒸汽蒸馏	特级、洁净、元系列	柠檬、薰衣草、雪松	草本类里有些品种刺激性更强，外用务必先做低剂量测试。	元系列SKU Y-M-053｜¥188/5ml｜产地澳洲
OIL361	蓝胶尤加利油(有机)	Organic Eucalyptus Globulus Oil	Eucalyptus globulus	Camphoraceous	有机蓝胶尤加利	叶	蒸汽蒸馏	有机、通透、呼吸感、元系列	柠檬、薄荷、乳香	这类精油通常更强势，幼儿、孕期和敏感皮肤要格外谨慎。；幼儿慎用	元系列SKU Y-M-032｜¥88/5ml｜产地澳洲
OIL362	澳洲尤加利油(有机)	Organic Eucalyptus Radiata Oil	Eucalyptus radiata	Camphoraceous	有机辐射尤加利	叶	蒸汽蒸馏	有机、柔和尤加利、元系列	茶树、柠檬、薰衣草	这类精油通常更强势，幼儿、孕期和敏感皮肤要格外谨慎。	元系列SKU Y-J-002｜¥138/10ml｜产地澳大利亚
OIL363	香茅油(有机)	Organic Citronella Oil	Cymbopogon winterianus	Herbaceous	有机香茅	叶	蒸汽蒸馏	有机、清新、空气感、元系列	柠檬草、薰衣草、雪松	草本类里有些品种刺激性更强，外用务必先做低剂量测试。	元系列SKU Y-J-005｜¥178/10ml｜产地法国/印度洋
OIL364	甜罗勒油(有机)	Organic Sweet Basil Oil	Ocimum basilicum	Herbaceous	有机甜罗勒	叶	蒸汽蒸馏	有机、绿色活跃、元系列	柠檬、薄荷、甜橙	草本类里有些品种刺激性更强，外用务必先做低剂量测试。；孕期慎用	元系列SKU Y-M-048｜¥138/100ml｜产地印度/埃及
OIL365	大西洋雪松油(有机)	Organic Atlas Cedarwood Oil	Cedrus atlantica	Woody	有机大西洋雪松	木材	蒸汽蒸馏	有机、干燥沉稳、元系列	佛手柑、乳香、薰衣草	木质类通常安全感更强，但依然要按具体品种和剂量来判断。	元系列SKU Y-T-086｜¥158/5ml｜产地摩洛哥
OIL366	印度檀香油	Indian Sandalwood Oil	Santalum album	Woody	老山檀香	木材	蒸汽蒸馏	老山檀、奶油圆润、元系列	玫瑰、乳香、佛手柑	木质类通常安全感更强，但依然要按具体品种和剂量来判断。	元系列SKU Y-M-024｜¥688/10ml｜产地印度迈索尔
OIL367	东印度檀香油(有机)	Organic East Indian Sandalwood Oil	Santalum album	Woody	有机东印度檀香	木材	蒸汽蒸馏	有机、高级檀香、元系列	乳香、佛手柑、檀香	木质类通常安全感更强，但依然要按具体品种和剂量来判断。	元系列SKU Y-T-085｜¥1580/5ml｜产地印度
OIL368	东印度檀香油	East Indian Sandalwood Oil	Santalum album	Woody	东印度老山檀香	木材	蒸汽蒸馏	极品老山、安神定志、元系列	玫瑰、橙花、乳香	木质类通常安全感更强，但依然要按具体品种和剂量来判断。	元系列SKU Y-T-099｜¥1580/5ml｜产地印度
OIL369	广藿香油(有机)	Organic Patchouli Oil	Pogostemon cablin	Woody	有机广藿香	叶	蒸汽蒸馏	有机、土质香脂、元系列	甜橙、玫瑰、檀香	木质类通常安全感更强，但依然要按具体品种和剂量来判断。	元系列SKU Y-S-058｜¥158/5ml｜产地印度尼西亚
OIL370	广藿香油	Patchouli Oil	Pogostemon cablin	Woody	印尼广藿香	叶	蒸汽蒸馏	土质厚实、复古、元系列	檀香、佛手柑、乳香	木质类通常安全感更强，但依然要按具体品种和剂量来判断。	元系列SKU Y-T-083｜¥158/5ml｜产地印尼
OIL371	索马里乳香油(有机)	Organic Somali Frankincense Oil	Boswellia sacra	Resin	有机索马里乳香	树脂	蒸汽蒸馏	有机、神圣树脂、元系列	橙花、檀香、没药	树脂类通常较厚重，建议先从少量扩香开始。	元系列SKU Y-B-008｜¥358/5ml｜产地索马里
OIL372	埃塞俄比亚乳香油(有机)	Organic Ethiopian Frankincense Oil	Boswellia carterii	Resin	有机埃塞俄比亚乳香	树脂	蒸汽蒸馏	有机、澄明仪式感、元系列	檀香、雪松、橙花	树脂类通常较厚重，建议先从少量扩香开始。	元系列SKU Y-B-019｜¥358/5ml｜产地埃塞俄比亚
OIL373	阿曼绿乳香油	Oman Green Frankincense Oil	Boswellia sacra	Resin	阿曼至尊绿乳香	树脂	蒸汽蒸馏	至尊绿乳、澄澈、元系列	檀香、玫瑰、橙花	树脂类通常较厚重，建议先从少量扩香开始。	元系列SKU Y-B-001｜¥358/5ml｜产地阿曼
OIL374	没药油(有机)	Organic Myrrh Oil	Commiphora myrrha	Resin	有机没药	树脂	蒸汽蒸馏	有机、苦香安稳、元系列	乳香、檀香、玫瑰	树脂类通常较厚重，建议先从少量扩香开始。	元系列SKU Y-B-002｜¥358/5ml｜产地索马里
OIL375	没药油	Myrrh Oil	Commiphora myrrha	Resin	索马里没药	树脂	蒸汽蒸馏	苦香树脂、古典、元系列	橙花、雪松、乳香	树脂类通常较厚重，建议先从少量扩香开始。	元系列SKU Y-B-014｜¥358/5ml｜产地索马里
OIL376	安息香油(有机)	Organic Benzoin Oil	Styrax benzoin	Resin	有机安息香	树脂	溶剂/CO2	有机、香草树脂、元系列	檀香、香橙、乳香	树脂类通常较厚重，建议先从少量扩香开始。	元系列SKU Y-E-068｜¥288/10ml｜产地印尼苏门答腊
OIL377	安息香油(精选)	Select Benzoin Oil	Styrax benzoin	Resin	精选安息香	树脂	溶剂/CO2	甜润包裹、安抚、元系列	橙花、雪松、檀香	树脂类通常较厚重，建议先从少量扩香开始。	元系列SKU Y-B-003｜¥168/100ml｜产地印尼
OIL378	安息香油	Benzoin Oil	Styrax benzoin	Resin	印尼安息香	树脂	溶剂/CO2	香草甜润、元系列	乳香、檀香、甜橙	树脂类通常较厚重，建议先从少量扩香开始。	元系列SKU Y-B-016｜¥158/5ml｜产地印尼
OIL379	丝柏油(有机)	Organic Cypress Oil	Cupressus sempervirens	Woody	有机丝柏	枝叶	蒸汽蒸馏	有机、挺拔通透、元系列	杜松浆果、雪松、柠檬	木质类通常安全感更强，但依然要按具体品种和剂量来判断。	元系列SKU Y-M-025｜¥158/5ml｜产地法国
OIL380	丝柏油	Cypress Oil	Cupressus sempervirens	Woody	地中海丝柏	枝叶	蒸汽蒸馏	干净木气、挺拔、元系列	雪松、佛手柑、乳香	木质类通常安全感更强，但依然要按具体品种和剂量来判断。	元系列SKU Y-T-109｜¥158/5ml｜产地西班牙
OIL381	杜松浆果油(有机)	Organic Juniper Berry Oil	Juniperus communis	Woody	有机杜松浆果	果实	蒸汽蒸馏	有机、清冷净化、元系列	柏木、柠檬、薰衣草	木质类通常安全感更强，但依然要按具体品种和剂量来判断。	元系列SKU Y-S-059｜¥138/100ml｜产地苏格兰
OIL382	欧洲赤松油(有机)	Organic Scots Pine Oil	Pinus sylvestris	Woody	有机欧洲赤松	针叶	蒸汽蒸馏	有机、森林松针、元系列	雪松、尤加利、柠檬	木质类通常安全感更强，但依然要按具体品种和剂量来判断。	元系列SKU Y-M-027｜¥158/100ml｜产地俄罗斯西伯利亚